{"text": " Kino repeat that 40", "segments": [{"id": 0, "seek": 0, "start": 0.0, "end": 2.74, "text": " Kino repeat that 40", "tokens": [591, 2982, 7149, 300, 3356], "temperature": 1.0, "avg_logprob": -2.3899447917938232, "compression_ratio": 0.76, "no_speech_prob": 0.45951908826828003}], "language": "en"}