{"text": " Sir.", "segments": [{"id": 0, "seek": 0, "start": 0.0, "end": 1.92, "text": " Sir.", "tokens": [6144, 13], "temperature": 1.0, "avg_logprob": -4.046558380126953, "compression_ratio": 0.3333333333333333, "no_speech_prob": 0.5385223627090454}], "language": "en"}