{"text": " I repeat that again.", "segments": [{"id": 0, "seek": 0, "start": 0.0, "end": 2.0, "text": " I repeat that again.", "tokens": [286, 7149, 300, 797, 13], "temperature": 0.0, "avg_logprob": -0.8502979278564453, "compression_ratio": 0.7692307692307693, "no_speech_prob": 0.4098428785800934}], "language": "en"}