{"text": " B", "segments": [{"id": 0, "seek": 0, "start": 0.0, "end": 1.16, "text": " B", "tokens": [363], "temperature": 1.0, "avg_logprob": -3.325697422027588, "compression_ratio": 0.1111111111111111, "no_speech_prob": 0.502906084060669}], "language": "en"}