{"text": " Okay here's the Ring.", "segments": [{"id": 0, "seek": 0, "start": 0.0, "end": 4.58, "text": " Okay here's the Ring.", "tokens": [1033, 510, 311, 264, 19844, 13], "temperature": 1.0, "avg_logprob": -3.8120244344075522, "compression_ratio": 0.7241379310344828, "no_speech_prob": 0.42409124970436096}], "language": "en"}