{"text": " I don't know. I give a ass. I don't know. I don't know. I give a ass. I don't know.", "segments": [{"id": 0, "seek": 0, "start": 0.0, "end": 2.0, "text": " I don't know. I give a ass.", "tokens": [286, 500, 380, 458, 13, 286, 976, 257, 1256, 13], "temperature": 0.0, "avg_logprob": -0.6710309982299805, "compression_ratio": 1.1081081081081081, "no_speech_prob": 0.231719970703125}, {"id": 0, "seek": 0, "start": 2.0, "end": 4.0, "text": " I don't know.", "tokens": [286, 500, 380, 458, 13], "temperature": 0.0, "avg_logprob": -0.6710309982299805, "compression_ratio": 1.1081081081081081, "no_speech_prob": 0.231719970703125}], "language": "en"}