{"text": " 34 euros.", "segments": [{"id": 0, "seek": 0, "start": 0.0, "end": 1.0, "text": " 34 euros.", "tokens": [12790, 14160, 13], "temperature": 0.0, "avg_logprob": -0.9043976465861002, "compression_ratio": 0.5294117647058824, "no_speech_prob": 0.467404842376709}], "language": "en"}