{"text": " \u041d\u0435 \u043f\u0442\u0438\u0444\u043b\u0438\u0432, maybe you can...", "segments": [{"id": 0, "seek": 0, "start": 0.0, "end": 1.28, "text": " \u041d\u0435 \u043f\u0442\u0438\u0444\u043b\u0438\u0432, maybe you can...", "tokens": [11512, 713, 3396, 3619, 15054, 11, 1310, 291, 393, 485], "temperature": 1.0, "avg_logprob": -3.522122016319862, "compression_ratio": 0.7708333333333334, "no_speech_prob": 0.32699641585350037}], "language": "ru"}