{"text": " Okay, ready to get support from students.", "segments": [{"id": 0, "seek": 0, "start": 0.0, "end": 2.0, "text": " Okay, ready to get support from students.", "tokens": [1033, 11, 1919, 281, 483, 1406, 490, 1731, 13], "temperature": 0.0, "avg_logprob": -0.7546234925587972, "compression_ratio": 0.8367346938775511, "no_speech_prob": 0.3932569921016693}], "language": "en"}