{"text": " camera use", "segments": [{"id": 0, "seek": 0, "start": 0.0, "end": 1.9000000000000001, "text": " camera use", "tokens": [2799, 764], "temperature": 1.0, "avg_logprob": -5.163204574584961, "compression_ratio": 0.5555555555555556, "no_speech_prob": 0.2618139386177063}], "language": "en"}