{"text": " 4 years", "segments": [{"id": 0, "seek": 0, "start": 0.0, "end": 2.0, "text": " 4 years", "tokens": [1017, 924], "temperature": 0.0, "avg_logprob": -0.8660371780395508, "compression_ratio": 0.4666666666666667, "no_speech_prob": 0.302883118391037}], "language": "en"}