{"text": " Can you repeat?", "segments": [{"id": 0, "seek": 0, "start": 0.0, "end": 1.0, "text": " Can you repeat?", "tokens": [1664, 291, 7149, 30], "temperature": 0.0, "avg_logprob": -0.6950745582580566, "compression_ratio": 0.6521739130434783, "no_speech_prob": 0.29386165738105774}], "language": "en"}