{"text": " pocz\u0105tan", "segments": [{"id": 0, "seek": 0, "start": 0.0, "end": 4.46, "text": " pocz\u0105tan", "tokens": [34397, 282], "temperature": 1.0, "avg_logprob": -5.248904418945313, "compression_ratio": 0.5294117647058824, "no_speech_prob": 0.2774994671344757}], "language": "en"}