{"text": " they split in two different ways it's bigger and bigger. Put on it with five\u0445\u0430's out you can see whites turn nice and even and they split in two different ways it's bigger and bigger. Put on it with five\u0445\u0430's out you can see whites turn nice and even and", "segments": [{"id": 0, "seek": 0, "start": 0.0, "end": 2.6, "text": " they split in two different ways it's bigger and bigger.", "tokens": [436, 7472, 294, 732, 819, 2098, 309, 311, 3801, 293, 3801, 13], "temperature": 1.0, "avg_logprob": -4.94195556640625, "compression_ratio": 1.1743119266055047, "no_speech_prob": 0.34479448199272156}, {"id": 0, "seek": 0, "start": 2.74, "end": 18.6, "text": " Put on it with five\u0445\u0430's out you can see whites turn nice and even and", "tokens": [4935, 322, 309, 365, 1732, 36869, 311, 484, 291, 393, 536, 21909, 1261, 1481, 293, 754, 293], "temperature": 1.0, "avg_logprob": -4.94195556640625, "compression_ratio": 1.1743119266055047, "no_speech_prob": 0.34479448199272156}], "language": "en"}