{"text": " Okay, it's key. Good job. Okay, it's key. Good job.", "segments": [{"id": 0, "seek": 0, "start": 0.0, "end": 1.0, "text": " Okay, it's key.", "tokens": [1033, 11, 309, 311, 2141, 13], "temperature": 0.0, "avg_logprob": -0.7775054659162249, "compression_ratio": 0.7575757575757576, "no_speech_prob": 0.2936660051345825}, {"id": 0, "seek": 0, "start": 1.0, "end": 2.0, "text": " Good job.", "tokens": [2205, 1691, 13], "temperature": 0.0, "avg_logprob": -0.7775054659162249, "compression_ratio": 0.7575757575757576, "no_speech_prob": 0.2936660051345825}], "language": "en"}