{"text": " Okay, um, 15.", "segments": [{"id": 0, "seek": 0, "start": 0.0, "end": 1.6, "text": " Okay, um, 15.", "tokens": [1033, 11, 1105, 11, 2119, 13], "temperature": 0.0, "avg_logprob": -0.5544247627258301, "compression_ratio": 0.6190476190476191, "no_speech_prob": 0.13984963297843933}], "language": "en"}