{"text": " Yes you are. 30. Yes you are. 30.", "segments": [{"id": 0, "seek": 0, "start": 0.0, "end": 2.0, "text": " Yes you are.", "tokens": [1079, 291, 366, 13], "temperature": 0.0, "avg_logprob": -0.8849966742775657, "compression_ratio": 0.6666666666666666, "no_speech_prob": 0.10444153845310211}, {"id": 0, "seek": 0, "start": 2.0, "end": 4.0, "text": " 30.", "tokens": [2217, 13], "temperature": 0.0, "avg_logprob": -0.8849966742775657, "compression_ratio": 0.6666666666666666, "no_speech_prob": 0.10444153845310211}], "language": "en"}