{"text": " Yes, what?", "segments": [{"id": 0, "seek": 0, "start": 0.0, "end": 2.0, "text": " Yes, what?", "tokens": [1079, 11, 437, 30], "temperature": 0.0, "avg_logprob": -0.8879813466753278, "compression_ratio": 0.5555555555555556, "no_speech_prob": 0.2705650329589844}], "language": "en"}