{"text": " Yes, 34.", "segments": [{"id": 0, "seek": 0, "start": 0.0, "end": 1.0, "text": " Yes, 34.", "tokens": [1079, 11, 12790, 13], "temperature": 0.0, "avg_logprob": -0.41530091421944754, "compression_ratio": 0.5, "no_speech_prob": 0.1760270744562149}], "language": "en"}