{"text": " Okay.", "segments": [{"id": 0, "seek": 0, "start": 0.0, "end": 1.0, "text": " Okay.", "tokens": [1033, 13], "temperature": 0.0, "avg_logprob": -0.8365962982177735, "compression_ratio": 0.38461538461538464, "no_speech_prob": 0.5556612610816956}], "language": "en"}