{"text": " 34, 34, 34.", "segments": [{"id": 0, "seek": 0, "start": 0.0, "end": 2.6, "text": " 34, 34, 34.", "tokens": [12790, 11, 12790, 11, 12790, 13], "temperature": 0.0, "avg_logprob": -0.6442698902553983, "compression_ratio": 0.7333333333333333, "no_speech_prob": 0.43018844723701477}], "language": "en"}