{"text": " for your 24 year.", "segments": [{"id": 0, "seek": 0, "start": 0.0, "end": 2.0, "text": " for your 24 year.", "tokens": [337, 428, 4022, 1064, 13], "temperature": 0.0, "avg_logprob": -0.9228653311729431, "compression_ratio": 0.68, "no_speech_prob": 0.16931623220443726}], "language": "en"}