{"text": " Get starty For.", "segments": [{"id": 0, "seek": 0, "start": 0.0, "end": 2.0, "text": " Get starty For.", "tokens": [3240, 722, 88, 1171, 13], "temperature": 1.0, "avg_logprob": -2.1786441802978516, "compression_ratio": 0.6521739130434783, "no_speech_prob": 0.0872325748205185}], "language": "en"}