{"text": " Thank you.", "segments": [{"id": 0, "seek": 0, "start": 0.0, "end": 1.0, "text": " Thank you.", "tokens": [1044, 291, 13], "temperature": 0.0, "avg_logprob": -0.5484517812728882, "compression_ratio": 0.5555555555555556, "no_speech_prob": 0.1629604697227478}], "language": "en"}