{"text": " Hurricane? Yes.", "segments": [{"id": 0, "seek": 0, "start": 0.0, "end": 1.0, "text": " Hurricane? Yes.", "tokens": [35574, 30, 1079, 13], "temperature": 0.0, "avg_logprob": -0.9807462692260742, "compression_ratio": 0.6521739130434783, "no_speech_prob": 0.16359007358551025}], "language": "en"}