{"text": " I am ready in European for the complex. And European question please, or these students in the choir. I am ready in European for the complex. And European question please, or these students in the choir.", "segments": [{"id": 0, "seek": 0, "start": 0.0, "end": 2.56, "text": " I am ready in European for the complex.", "tokens": [286, 669, 1919, 294, 6473, 337, 264, 3997, 13], "temperature": 0.0, "avg_logprob": -0.7198113713945661, "compression_ratio": 1.1744186046511629, "no_speech_prob": 0.048137176781892776}, {"id": 0, "seek": 0, "start": 2.56, "end": 4.12, "text": " And European question please,", "tokens": [400, 6473, 1168, 1767, 11], "temperature": 0.0, "avg_logprob": -0.7198113713945661, "compression_ratio": 1.1744186046511629, "no_speech_prob": 0.048137176781892776}, {"id": 0, "seek": 0, "start": 4.12, "end": 6.2, "text": " or these students in the choir.", "tokens": [420, 613, 1731, 294, 264, 31244, 13], "temperature": 0.0, "avg_logprob": -0.7198113713945661, "compression_ratio": 1.1744186046511629, "no_speech_prob": 0.048137176781892776}], "language": "en"}