{"text": " And so, three shares to you, that's it here, you'll spend you 16 euros. So, four, it's one, it's 34 euros. And so, three shares to you, that's it here, you'll spend you 16 euros. So, four, it's one, it's 34 euros.", "segments": [{"id": 0, "seek": 0, "start": 0.0, "end": 3.0, "text": " And so, three shares to you, that's it here,", "tokens": [400, 370, 11, 1045, 12182, 281, 291, 11, 300, 311, 309, 510, 11], "temperature": 0.2, "avg_logprob": -0.8121842384338379, "compression_ratio": 1.164835164835165, "no_speech_prob": 0.07631649076938629}, {"id": 0, "seek": 0, "start": 3.0, "end": 5.0, "text": " you'll spend you 16 euros.", "tokens": [291, 603, 3496, 291, 3165, 14160, 13], "temperature": 0.2, "avg_logprob": -0.8121842384338379, "compression_ratio": 1.164835164835165, "no_speech_prob": 0.07631649076938629}, {"id": 0, "seek": 0, "start": 5.0, "end": 9.0, "text": " So, four, it's one, it's 34 euros.", "tokens": [407, 11, 1451, 11, 309, 311, 472, 11, 309, 311, 12790, 14160, 13], "temperature": 0.2, "avg_logprob": -0.8121842384338379, "compression_ratio": 1.164835164835165, "no_speech_prob": 0.07631649076938629}], "language": "en"}