{"text": " I'm ready 34.", "segments": [{"id": 0, "seek": 0, "start": 0.0, "end": 1.8, "text": " I'm ready 34.", "tokens": [286, 478, 1919, 12790, 13], "temperature": 0.0, "avg_logprob": -0.6732680797576904, "compression_ratio": 0.6190476190476191, "no_speech_prob": 0.12090924382209778}], "language": "en"}