{"text": " Ask me more again. You ask me the question again. He has 34 euros.", "segments": [{"id": 0, "seek": 0, "start": 0.0, "end": 5.32, "text": " Ask me more again. You ask me the question again. He has 34 euros.", "tokens": [12320, 385, 544, 797, 13, 509, 1029, 385, 264, 1168, 797, 13, 634, 575, 12790, 14160, 13], "temperature": 0.0, "avg_logprob": -0.5000276565551758, "compression_ratio": 1.0476190476190477, "no_speech_prob": 0.15967579185962677}], "language": "en"}