{"text": " 15 cylinders. Am I right? Oh, thank you. 15 cylinders. Am I right? Oh, thank you.", "segments": [{"id": 0, "seek": 0, "start": 0.0, "end": 1.36, "text": " 15 cylinders.", "tokens": [2119, 42166, 13], "temperature": 0.0, "avg_logprob": -0.683266187969007, "compression_ratio": 0.8333333333333334, "no_speech_prob": 0.1703861653804779}, {"id": 0, "seek": 0, "start": 1.36, "end": 2.16, "text": " Am I right?", "tokens": [2012, 286, 558, 30], "temperature": 0.0, "avg_logprob": -0.683266187969007, "compression_ratio": 0.8333333333333334, "no_speech_prob": 0.1703861653804779}, {"id": 0, "seek": 0, "start": 2.16, "end": 3.36, "text": " Oh, thank you.", "tokens": [876, 11, 1309, 291, 13], "temperature": 0.0, "avg_logprob": -0.683266187969007, "compression_ratio": 0.8333333333333334, "no_speech_prob": 0.1703861653804779}], "language": "en"}