{"text": " How do you feel? So far How do you feel? So far", "segments": [{"id": 0, "seek": 0, "start": 0.0, "end": 1.28, "text": " How do you feel?", "tokens": [1012, 360, 291, 841, 30], "temperature": 1.0, "avg_logprob": -3.8430700302124023, "compression_ratio": 0.7419354838709677, "no_speech_prob": 0.5541952252388}, {"id": 0, "seek": 0, "start": 4.8, "end": 23.38, "text": " So far", "tokens": [407, 1400], "temperature": 1.0, "avg_logprob": -3.8430700302124023, "compression_ratio": 0.7419354838709677, "no_speech_prob": 0.5541952252388}], "language": "en"}