{"text": " Repeat starting.", "segments": [{"id": 0, "seek": 0, "start": 0.0, "end": 1.0, "text": " Repeat starting.", "tokens": [28523, 2891, 13], "temperature": 0.0, "avg_logprob": -0.8298505942026774, "compression_ratio": 0.6666666666666666, "no_speech_prob": 0.20155639946460724}], "language": "en"}