{"text": " Okay, you're fine.", "segments": [{"id": 0, "seek": 0, "start": 0.0, "end": 1.0, "text": " Okay, you're fine.", "tokens": [1033, 11, 291, 434, 2489, 13], "temperature": 0.0, "avg_logprob": -0.9207358890109592, "compression_ratio": 0.6923076923076923, "no_speech_prob": 0.25583091378211975}], "language": "en"}