{"text": " Repeat the questions please, Pepper. Repeat the questions. 30. 30 pieces of gum. Thank you. Repeat the questions please, Pepper. Repeat the questions. 30. 30 pieces of gum. Thank you.", "segments": [{"id": 0, "seek": 0, "start": 0.0, "end": 2.0, "text": " Repeat the questions please, Pepper.", "tokens": [28523, 264, 1651, 1767, 11, 30231, 13], "temperature": 0.0, "avg_logprob": -0.38640095392862955, "compression_ratio": 1.1518987341772151, "no_speech_prob": 0.05347847938537598}, {"id": 0, "seek": 0, "start": 2.0, "end": 3.0, "text": " Repeat the questions.", "tokens": [28523, 264, 1651, 13], "temperature": 0.0, "avg_logprob": -0.38640095392862955, "compression_ratio": 1.1518987341772151, "no_speech_prob": 0.05347847938537598}, {"id": 0, "seek": 0, "start": 3.0, "end": 5.0, "text": " 30. 30 pieces of gum.", "tokens": [2217, 13, 2217, 3755, 295, 19973, 13], "temperature": 0.0, "avg_logprob": -0.38640095392862955, "compression_ratio": 1.1518987341772151, "no_speech_prob": 0.05347847938537598}, {"id": 0, "seek": 0, "start": 5.0, "end": 6.0, "text": " Thank you.", "tokens": [1044, 291, 13], "temperature": 0.0, "avg_logprob": -0.38640095392862955, "compression_ratio": 1.1518987341772151, "no_speech_prob": 0.05347847938537598}], "language": "en"}