{"text": " Could you repeat the class please? There are 30 students in the choir. Could you repeat the class please? There are 30 students in the choir.", "segments": [{"id": 0, "seek": 0, "start": 0.0, "end": 1.9000000000000001, "text": " Could you repeat the class please?", "tokens": [7497, 291, 7149, 264, 1508, 1767, 30], "temperature": 0.0, "avg_logprob": -0.48407959938049316, "compression_ratio": 0.9722222222222222, "no_speech_prob": 0.01377195306122303}, {"id": 0, "seek": 0, "start": 1.9000000000000001, "end": 3.9, "text": " There are 30 students in the choir.", "tokens": [821, 366, 2217, 1731, 294, 264, 31244, 13], "temperature": 0.0, "avg_logprob": -0.48407959938049316, "compression_ratio": 0.9722222222222222, "no_speech_prob": 0.01377195306122303}], "language": "en"}