{"text": " And you repeat that please. Clothing. And you repeat that please. Clothing.", "segments": [{"id": 0, "seek": 0, "start": 0.0, "end": 1.0, "text": " And you repeat that please.", "tokens": [400, 291, 7149, 300, 1767, 13], "temperature": 0.0, "avg_logprob": -0.7928174563816616, "compression_ratio": 0.8604651162790697, "no_speech_prob": 0.11797579377889633}, {"id": 0, "seek": 0, "start": 1.0, "end": 2.0, "text": " Clothing.", "tokens": [2033, 9107, 13], "temperature": 0.0, "avg_logprob": -0.7928174563816616, "compression_ratio": 0.8604651162790697, "no_speech_prob": 0.11797579377889633}], "language": "en"}