{"text": " There are 40.", "segments": [{"id": 0, "seek": 0, "start": 0.0, "end": 1.0, "text": " There are 40.", "tokens": [821, 366, 3356, 13], "temperature": 0.0, "avg_logprob": -0.6194112641470773, "compression_ratio": 0.6842105263157895, "no_speech_prob": 0.1658092439174652}], "language": "en"}