{"text": " There would be 15.", "segments": [{"id": 0, "seek": 0, "start": 0.0, "end": 1.0, "text": " There would be 15.", "tokens": [821, 576, 312, 2119, 13], "temperature": 0.0, "avg_logprob": -0.544814944267273, "compression_ratio": 0.6923076923076923, "no_speech_prob": 0.12069829553365707}], "language": "en"}