{"text": " Please repeat the question for me. Is it 30? Please repeat the question for me. Is it 30?", "segments": [{"id": 0, "seek": 0, "start": 0.0, "end": 2.0, "text": " Please repeat the question for me.", "tokens": [2555, 7149, 264, 1168, 337, 385, 13], "temperature": 0.0, "avg_logprob": -0.4574131965637207, "compression_ratio": 0.8461538461538461, "no_speech_prob": 0.11879151314496994}, {"id": 0, "seek": 0, "start": 2.0, "end": 3.0, "text": " Is it 30?", "tokens": [1119, 309, 2217, 30], "temperature": 0.0, "avg_logprob": -0.4574131965637207, "compression_ratio": 0.8461538461538461, "no_speech_prob": 0.11879151314496994}], "language": "en"}