{"text": " Please repeat, is it 34?", "segments": [{"id": 0, "seek": 0, "start": 0.0, "end": 2.0, "text": " Please repeat, is it 34?", "tokens": [2555, 7149, 11, 307, 309, 12790, 30], "temperature": 0.0, "avg_logprob": -0.5307092189788818, "compression_ratio": 0.75, "no_speech_prob": 0.10170905292034149}], "language": "en"}