{"text": " I'm ready. I'm ready. Before she pepper.", "segments": [{"id": 0, "seek": 0, "start": 0.0, "end": 2.58, "text": " I'm ready. I'm ready. Before she pepper.", "tokens": [286, 478, 1919, 13, 286, 478, 1919, 13, 4546, 750, 8532, 13], "temperature": 0.0, "avg_logprob": -0.46362711588541666, "compression_ratio": 1.0256410256410255, "no_speech_prob": 0.06312230229377747}], "language": "en"}