{"text": " Can you just repeat that question? 30, thank you. Can you just repeat that question? 30, thank you.", "segments": [{"id": 0, "seek": 0, "start": 0.0, "end": 3.16, "text": " Can you just repeat that question?", "tokens": [1664, 291, 445, 7149, 300, 1168, 30], "temperature": 0.0, "avg_logprob": -0.42430981467751894, "compression_ratio": 0.9607843137254902, "no_speech_prob": 0.016246473416686058}, {"id": 0, "seek": 0, "start": 3.16, "end": 4.16, "text": " 30, thank you.", "tokens": [2217, 11, 1309, 291, 13], "temperature": 0.0, "avg_logprob": -0.42430981467751894, "compression_ratio": 0.9607843137254902, "no_speech_prob": 0.016246473416686058}], "language": "en"}