{"text": " Ready, my friend, that will be 34-year-old pepper.", "segments": [{"id": 0, "seek": 0, "start": 0.0, "end": 2.7600000000000002, "text": " Ready, my friend, that will be 34-year-old pepper.", "tokens": [9944, 11, 452, 1277, 11, 300, 486, 312, 12790, 12, 5294, 12, 2641, 8532, 13], "temperature": 0.0, "avg_logprob": -0.45801862080891925, "compression_ratio": 0.8620689655172413, "no_speech_prob": 0.04796484112739563}], "language": "en"}