{"text": " Feel ready for it.", "segments": [{"id": 0, "seek": 0, "start": 0.0, "end": 1.0, "text": " Feel ready for it.", "tokens": [14113, 1919, 337, 309, 13], "temperature": 0.0, "avg_logprob": -0.917064368724823, "compression_ratio": 0.6923076923076923, "no_speech_prob": 0.14356648921966553}], "language": "en"}