{"text": " You should note it to professors.", "segments": [{"id": 0, "seek": 0, "start": 0.0, "end": 9.86, "text": " You should note it to professors.", "tokens": [509, 820, 3637, 309, 281, 15924, 13], "temperature": 1.0, "avg_logprob": -4.909430313110351, "compression_ratio": 0.8048780487804879, "no_speech_prob": 0.511858344078064}], "language": "en"}