{"text": " Thank you all so much.", "segments": [{"id": 0, "seek": 0, "start": 0.0, "end": 11.08, "text": " Thank you all so much.", "tokens": [1044, 291, 439, 370, 709, 13], "temperature": 1.0, "avg_logprob": -2.4470153384738498, "compression_ratio": 0.7333333333333333, "no_speech_prob": 0.3256407678127289}], "language": "en"}