{"text": " brought 320 from Hindi", "segments": [{"id": 0, "seek": 0, "start": 0.0, "end": 6.92, "text": " brought 320 from Hindi", "tokens": [3038, 42429, 490, 36225], "temperature": 1.0, "avg_logprob": -6.759361812046596, "compression_ratio": 0.7333333333333333, "no_speech_prob": 0.3112236559391022}], "language": "en"}