{"text": " So T4.", "segments": [{"id": 0, "seek": 0, "start": 0.0, "end": 1.0, "text": " So T4.", "tokens": [407, 314, 19, 13], "temperature": 0.0, "avg_logprob": -0.9270126479012626, "compression_ratio": 0.42857142857142855, "no_speech_prob": 0.28072211146354675}], "language": "en"}