{"text": " 30.", "segments": [{"id": 0, "seek": 0, "start": 0.0, "end": 0.5, "text": " 30.", "tokens": [2217, 13], "temperature": 0.0, "avg_logprob": -0.8733497619628906, "compression_ratio": 0.2727272727272727, "no_speech_prob": 0.31271615624427795}], "language": "en"}