{"text": " Sorry.", "segments": [{"id": 0, "seek": 0, "start": 0.0, "end": 0.5, "text": " Sorry.", "tokens": [4919, 13], "temperature": 0.0, "avg_logprob": -0.833345603942871, "compression_ratio": 0.42857142857142855, "no_speech_prob": 0.3163490295410156}], "language": "en"}