{"text": " Alright, but we have concrete.", "segments": [{"id": 0, "seek": 0, "start": 0.0, "end": 2.16, "text": " Alright, but we have concrete.", "tokens": [2798, 11, 457, 321, 362, 9859, 13], "temperature": 1.0, "avg_logprob": -3.701844024658203, "compression_ratio": 0.7894736842105263, "no_speech_prob": 0.3579083979129791}], "language": "en"}