{"text": " importance to economy of law.", "segments": [{"id": 0, "seek": 0, "start": 0.0, "end": 21.22, "text": " importance to economy of law.", "tokens": [7379, 281, 5010, 295, 2101, 13], "temperature": 1.0, "avg_logprob": -4.5758179558648004, "compression_ratio": 0.7837837837837838, "no_speech_prob": 0.4848252236843109}], "language": "en"}