{"text": " 34 year old.", "segments": [{"id": 0, "seek": 0, "start": 0.0, "end": 0.84, "text": " 34 year old.", "tokens": [12790, 1064, 1331, 13], "temperature": 0.0, "avg_logprob": -0.6921169417245048, "compression_ratio": 0.6, "no_speech_prob": 0.17222049832344055}], "language": "en"}