{"text": " Yes, 30.", "segments": [{"id": 0, "seek": 0, "start": 0.0, "end": 1.0, "text": " Yes, 30.", "tokens": [1079, 11, 2217, 13], "temperature": 0.0, "avg_logprob": -0.5369007246834892, "compression_ratio": 0.5, "no_speech_prob": 0.16126982867717743}], "language": "en"}