{"text": " Yeah, I'm ready. You're at least the question being 40. Yeah, I'm ready. You're at least the question being 40.", "segments": [{"id": 0, "seek": 0, "start": 0.0, "end": 1.0, "text": " Yeah, I'm ready.", "tokens": [865, 11, 286, 478, 1919, 13], "temperature": 0.0, "avg_logprob": -0.5624194622039795, "compression_ratio": 0.873015873015873, "no_speech_prob": 0.1605236679315567}, {"id": 0, "seek": 0, "start": 1.0, "end": 2.5, "text": " You're at least the question being 40.", "tokens": [509, 434, 412, 1935, 264, 1168, 885, 3356, 13], "temperature": 0.0, "avg_logprob": -0.5624194622039795, "compression_ratio": 0.873015873015873, "no_speech_prob": 0.1605236679315567}], "language": "en"}