{"text": " grapefruit VRS", "segments": [{"id": 0, "seek": 0, "start": 0.0, "end": 0.5, "text": " grapefruit VRS", "tokens": [23978, 33564, 13722, 50], "temperature": 1.0, "avg_logprob": -4.709842681884766, "compression_ratio": 0.6363636363636364, "no_speech_prob": 0.169693261384964}], "language": "en"}