{"text": " 15 Close Eighting Scene Start XQuad", "segments": [{"id": 0, "seek": 0, "start": 0.0, "end": 25.36, "text": " 15 Close Eighting Scene Start XQuad", "tokens": [2119, 16346, 17708, 278, 46297, 6481, 1783, 8547, 345], "temperature": 1.0, "avg_logprob": -4.812245051066081, "compression_ratio": 0.813953488372093, "no_speech_prob": 0.3379271626472473}], "language": "en"}