{"text": " Can you repeat again? What does Tommy have? What does Tommy have? Linda has 30 pencils. Did Tommy take pencils from Linda? Can you repeat again? What does Tommy have? What does Tommy have? Linda has 30 pencils. Did Tommy take pencils from Linda?", "segments": [{"id": 0, "seek": 0, "start": 0.0, "end": 7.34, "text": " Can you repeat again? What does Tommy have? What does Tommy have? Linda has 30 pencils.", "tokens": [1664, 291, 7149, 797, 30, 708, 775, 19448, 362, 30, 708, 775, 19448, 362, 30, 20324, 575, 2217, 30857, 13], "temperature": 0.0, "avg_logprob": -0.4633002281188965, "compression_ratio": 1.3555555555555556, "no_speech_prob": 0.26054897904396057}, {"id": 0, "seek": 0, "start": 7.34, "end": 10.84, "text": " Did Tommy take pencils from Linda?", "tokens": [2589, 19448, 747, 30857, 490, 20324, 30], "temperature": 0.0, "avg_logprob": -0.4633002281188965, "compression_ratio": 1.3555555555555556, "no_speech_prob": 0.26054897904396057}], "language": "en"}