{"text": " There are 40 students in the choir.", "segments": [{"id": 0, "seek": 0, "start": 0.0, "end": 2.0, "text": " There are 40 students in the choir.", "tokens": [821, 366, 3356, 1731, 294, 264, 31244, 13], "temperature": 0.0, "avg_logprob": -0.41488530419089575, "compression_ratio": 0.8536585365853658, "no_speech_prob": 0.019515547901391983}], "language": "en"}