{"text": " What did John buy? How much money did John have? Can you repeat the question again? John has 34-year-old. What did John buy? How much money did John have? Can you repeat the question again? John has 34-year-old.", "segments": [{"id": 0, "seek": 0, "start": 0.0, "end": 5.12, "text": " What did John buy? How much money did John have? Can you repeat the question again?", "tokens": [708, 630, 2619, 2256, 30, 1012, 709, 1460, 630, 2619, 362, 30, 1664, 291, 7149, 264, 1168, 797, 30], "temperature": 0.0, "avg_logprob": -0.4582391679286957, "compression_ratio": 1.1170212765957446, "no_speech_prob": 0.11244494467973709}, {"id": 0, "seek": 0, "start": 5.88, "end": 7.88, "text": " John has 34-year-old.", "tokens": [2619, 575, 12790, 12, 5294, 12, 2641, 13], "temperature": 0.0, "avg_logprob": -0.4582391679286957, "compression_ratio": 1.1170212765957446, "no_speech_prob": 0.11244494467973709}], "language": "en"}