{"text": " 36, 36, 34.", "segments": [{"id": 0, "seek": 0, "start": 0.0, "end": 2.0, "text": " 36, 36, 34.", "tokens": [8652, 11, 8652, 11, 12790, 13], "temperature": 0.0, "avg_logprob": -0.46496640311347115, "compression_ratio": 0.6875, "no_speech_prob": 0.39792418479919434}], "language": "en"}