{"text": " serendium", "segments": [{"id": 0, "seek": 0, "start": 0.0, "end": 2.36, "text": " serendium", "tokens": [816, 521, 2197], "temperature": 1.0, "avg_logprob": -3.3751961390177407, "compression_ratio": 0.5294117647058824, "no_speech_prob": 0.5108838081359863}], "language": "en"}