{"text": " Crea que es la vida como venue prinetiva de la relaci\u00f3n.", "segments": [{"id": 0, "seek": 0, "start": 0.0, "end": 3.36, "text": " Crea que es la vida como venue prinetiva de la relaci\u00f3n.", "tokens": [9549, 64, 631, 785, 635, 7644, 2617, 21645, 582, 21370, 5931, 368, 635, 37247, 13], "temperature": 1.0, "avg_logprob": -4.776651594373915, "compression_ratio": 0.9193548387096774, "no_speech_prob": 0.10661502927541733}], "language": "es"}