{"text": " record that 34", "segments": [{"id": 0, "seek": 0, "start": 0.0, "end": 2.0, "text": " record that 34", "tokens": [2136, 300, 12790], "temperature": 0.0, "avg_logprob": -0.5680704514185587, "compression_ratio": 0.6363636363636364, "no_speech_prob": 0.32272768020629883}], "language": "en"}