{"text": " Please repeat the question all the students.", "segments": [{"id": 0, "seek": 0, "start": 0.0, "end": 2.0, "text": " Please repeat the question all the students.", "tokens": [2555, 7149, 264, 1168, 439, 264, 1731, 13], "temperature": 0.0, "avg_logprob": -0.9706710468639027, "compression_ratio": 0.8979591836734694, "no_speech_prob": 0.1326635479927063}], "language": "hi"}