{"text": " Can you repeat that? I don't understand it. Can you repeat that? For. Can you repeat that? I don't understand it. Can you repeat that? For.", "segments": [{"id": 0, "seek": 0, "start": 0.0, "end": 3.2, "text": " Can you repeat that? I don't understand it.", "tokens": [1664, 291, 7149, 300, 30, 286, 500, 380, 1223, 309, 13], "temperature": 0.0, "avg_logprob": -0.6659730529785156, "compression_ratio": 1.1694915254237288, "no_speech_prob": 0.3015899956226349}, {"id": 0, "seek": 0, "start": 3.2, "end": 4.7, "text": " Can you repeat that?", "tokens": [1664, 291, 7149, 300, 30], "temperature": 0.0, "avg_logprob": -0.6659730529785156, "compression_ratio": 1.1694915254237288, "no_speech_prob": 0.3015899956226349}, {"id": 0, "seek": 0, "start": 4.7, "end": 5.2, "text": " For.", "tokens": [1171, 13], "temperature": 0.0, "avg_logprob": -0.6659730529785156, "compression_ratio": 1.1694915254237288, "no_speech_prob": 0.3015899956226349}], "language": "en"}