{"text": " Can you repeat the question? Can you repeat that question? Please, 79. Can you repeat the question? Can you repeat that question? Please, 79.", "segments": [{"id": 0, "seek": 0, "start": 0.0, "end": 1.28, "text": " Can you repeat the question?", "tokens": [1664, 291, 7149, 264, 1168, 30], "temperature": 0.0, "avg_logprob": -0.4938083316968835, "compression_ratio": 1.2962962962962963, "no_speech_prob": 0.03636005148291588}, {"id": 0, "seek": 0, "start": 1.28, "end": 3.3200000000000003, "text": " Can you repeat that question?", "tokens": [1664, 291, 7149, 300, 1168, 30], "temperature": 0.0, "avg_logprob": -0.4938083316968835, "compression_ratio": 1.2962962962962963, "no_speech_prob": 0.03636005148291588}, {"id": 0, "seek": 0, "start": 3.3200000000000003, "end": 4.88, "text": " Please, 79.", "tokens": [2555, 11, 32803, 13], "temperature": 0.0, "avg_logprob": -0.4938083316968835, "compression_ratio": 1.2962962962962963, "no_speech_prob": 0.03636005148291588}], "language": "en"}