{"text": " Let's try a simple one. Toting. Let's try a simple one. Toting.", "segments": [{"id": 0, "seek": 0, "start": 0.0, "end": 1.48, "text": " Let's try a simple one.", "tokens": [961, 311, 853, 257, 2199, 472, 13], "temperature": 0.0, "avg_logprob": -0.8091544469197591, "compression_ratio": 0.7948717948717948, "no_speech_prob": 0.05168556049466133}, {"id": 0, "seek": 0, "start": 1.48, "end": 2.2800000000000002, "text": " Toting.", "tokens": [314, 17001, 13], "temperature": 0.0, "avg_logprob": -0.8091544469197591, "compression_ratio": 0.7948717948717948, "no_speech_prob": 0.05168556049466133}], "language": "en"}