{"text": " Yes I did, let's continue. Oh my God can you read 60? It's success. Yes I did, let's continue. Oh my God can you read 60? It's success.", "segments": [{"id": 0, "seek": 0, "start": 0.0, "end": 2.24, "text": " Yes I did, let's continue.", "tokens": [1079, 286, 630, 11, 718, 311, 2354, 13], "temperature": 0.0, "avg_logprob": -0.7696945755570023, "compression_ratio": 0.9178082191780822, "no_speech_prob": 0.1904345154762268}, {"id": 0, "seek": 0, "start": 2.24, "end": 4.36, "text": " Oh my God can you read 60?", "tokens": [876, 452, 1265, 393, 291, 1401, 4060, 30], "temperature": 0.0, "avg_logprob": -0.7696945755570023, "compression_ratio": 0.9178082191780822, "no_speech_prob": 0.1904345154762268}, {"id": 0, "seek": 0, "start": 4.36, "end": 5.36, "text": " It's success.", "tokens": [467, 311, 2245, 13], "temperature": 0.0, "avg_logprob": -0.7696945755570023, "compression_ratio": 0.9178082191780822, "no_speech_prob": 0.1904345154762268}], "language": "en"}