{"text": " No, no, no.", "segments": [{"id": 0, "seek": 0, "start": 0.0, "end": 1.0, "text": " No, no, no.", "tokens": [883, 11, 572, 11, 572, 13], "temperature": 0.0, "avg_logprob": -0.6656966209411621, "compression_ratio": 0.7333333333333333, "no_speech_prob": 0.4157133102416992}], "language": "en"}