{"text": " 40 Jie", "segments": [{"id": 0, "seek": 0, "start": 0.0, "end": 19.900000000000002, "text": " 40 Jie", "tokens": [3356, 41731], "temperature": 1.0, "avg_logprob": -4.217694473266602, "compression_ratio": 0.42857142857142855, "no_speech_prob": 0.4443838894367218}], "language": "en"}