{"text": " Okay finished. Fort, yeah. I got distracted. Can you go again please?", "segments": [{"id": 0, "seek": 0, "start": 0.0, "end": 4.24, "text": " Okay finished. Fort, yeah. I got distracted. Can you go again please?", "tokens": [1033, 4335, 13, 11002, 11, 1338, 13, 286, 658, 21658, 13, 1664, 291, 352, 797, 1767, 30], "temperature": 0.0, "avg_logprob": -0.5664968490600586, "compression_ratio": 0.9452054794520548, "no_speech_prob": 0.12081214040517807}], "language": "en"}