{"text": ".", "segments": [{"id": 0, "seek": 0, "start": 0.0, "end": 19.46, "text": ".", "tokens": [2411], "temperature": 1.0, "avg_logprob": -5.321134090423584, "compression_ratio": 0.1111111111111111, "no_speech_prob": 0.5612470507621765}], "language": "en"}