{"text": " Repeat 34 euro.", "segments": [{"id": 0, "seek": 0, "start": 0.0, "end": 2.0, "text": " Repeat 34 euro.", "tokens": [28523, 12790, 14206, 13], "temperature": 0.0, "avg_logprob": -0.8089707919529506, "compression_ratio": 0.6521739130434783, "no_speech_prob": 0.07960701733827591}], "language": "en"}