{"text": " 14.", "segments": [{"id": 0, "seek": 0, "start": 0.0, "end": 0.5, "text": " 14.", "tokens": [3499, 13], "temperature": 0.0, "avg_logprob": -0.937183952331543, "compression_ratio": 0.2727272727272727, "no_speech_prob": 0.24062049388885498}], "language": "en"}