{"text": " Very much so. Details. Very much so. Details.", "segments": [{"id": 0, "seek": 0, "start": 0.0, "end": 2.5, "text": " Very much so.", "tokens": [4372, 709, 370, 13], "temperature": 1.0, "avg_logprob": -4.196680589155718, "compression_ratio": 0.7333333333333333, "no_speech_prob": 0.5043866038322449}, {"id": 0, "seek": 0, "start": 23.6, "end": 23.88, "text": " Details.", "tokens": [42811, 13], "temperature": 1.0, "avg_logprob": -4.196680589155718, "compression_ratio": 0.7333333333333333, "no_speech_prob": 0.5043866038322449}], "language": "en"}