{"text": " It out again, it's in 30.", "segments": [{"id": 0, "seek": 0, "start": 0.0, "end": 2.0, "text": " It out again, it's in 30.", "tokens": [467, 484, 797, 11, 309, 311, 294, 2217, 13], "temperature": 0.0, "avg_logprob": -0.925649086634318, "compression_ratio": 0.7575757575757576, "no_speech_prob": 0.10614831000566483}], "language": "en"}