{"text": " Party.", "segments": [{"id": 0, "seek": 0, "start": 0.0, "end": 0.5, "text": " Party.", "tokens": [8552, 13], "temperature": 0.0, "avg_logprob": -0.8203843116760254, "compression_ratio": 0.42857142857142855, "no_speech_prob": 0.34563305974006653}], "language": "en"}