{"text": " Yeah, 34.", "segments": [{"id": 0, "seek": 0, "start": 0.0, "end": 1.0, "text": " Yeah, 34.", "tokens": [865, 11, 12790, 13], "temperature": 0.0, "avg_logprob": -0.6149414607456752, "compression_ratio": 0.5294117647058824, "no_speech_prob": 0.13582691550254822}], "language": "en"}