{"text": " Okay, ask me more questions. Are 40 students? I'm going on right. Okay, ask me more questions. Are 40 students? I'm going on right.", "segments": [{"id": 0, "seek": 0, "start": 0.0, "end": 2.32, "text": " Okay, ask me more questions.", "tokens": [1033, 11, 1029, 385, 544, 1651, 13], "temperature": 0.0, "avg_logprob": -0.6627961794535319, "compression_ratio": 0.9154929577464789, "no_speech_prob": 0.10402698069810867}, {"id": 0, "seek": 0, "start": 2.32, "end": 4.12, "text": " Are 40 students?", "tokens": [2014, 3356, 1731, 30], "temperature": 0.0, "avg_logprob": -0.6627961794535319, "compression_ratio": 0.9154929577464789, "no_speech_prob": 0.10402698069810867}, {"id": 0, "seek": 0, "start": 4.12, "end": 4.84, "text": " I'm going on right.", "tokens": [286, 478, 516, 322, 558, 13], "temperature": 0.0, "avg_logprob": -0.6627961794535319, "compression_ratio": 0.9154929577464789, "no_speech_prob": 0.10402698069810867}], "language": "en"}