{"text": " Can you ask again, in my right, there are three pieces of pencil.", "segments": [{"id": 0, "seek": 0, "start": 0.0, "end": 4.0, "text": " Can you ask again, in my right, there are three pieces of pencil.", "tokens": [1664, 291, 1029, 797, 11, 294, 452, 558, 11, 456, 366, 1045, 3755, 295, 10985, 13], "temperature": 0.0, "avg_logprob": -0.5915983601620323, "compression_ratio": 0.9701492537313433, "no_speech_prob": 0.04967892915010452}], "language": "en"}