{"text": " Ah, sarei gut!", "segments": [{"id": 0, "seek": 0, "start": 0.0, "end": 2.0, "text": " Ah, sarei gut!", "tokens": [2438, 11, 38706, 72, 5228, 0], "temperature": 1.0, "avg_logprob": -2.965552012125651, "compression_ratio": 0.6363636363636364, "no_speech_prob": 0.333037793636322}], "language": "de"}