{"text": " and you repeat the quick five.", "segments": [{"id": 0, "seek": 0, "start": 0.0, "end": 2.0, "text": " and you repeat the quick five.", "tokens": [293, 291, 7149, 264, 1702, 1732, 13], "temperature": 0.0, "avg_logprob": -0.9402061462402344, "compression_ratio": 0.7894736842105263, "no_speech_prob": 0.20360782742500305}], "language": "en"}