{"text": " He had 34 years.", "segments": [{"id": 0, "seek": 0, "start": 0.0, "end": 3.0, "text": " He had 34 years.", "tokens": [634, 632, 12790, 924, 13], "temperature": 0.0, "avg_logprob": -0.8770512342453003, "compression_ratio": 0.6666666666666666, "no_speech_prob": 0.2740483582019806}], "language": "en"}