{"text": " Is how much we have at this time? No, really for it. Is how much we have at this time? No, really for it.", "segments": [{"id": 0, "seek": 0, "start": 0.0, "end": 1.6, "text": " Is how much we have at this time?", "tokens": [1119, 577, 709, 321, 362, 412, 341, 565, 30], "temperature": 0.0, "avg_logprob": -0.83170166015625, "compression_ratio": 0.8666666666666667, "no_speech_prob": 0.1795133650302887}, {"id": 0, "seek": 0, "start": 1.6, "end": 2.6, "text": " No, really for it.", "tokens": [883, 11, 534, 337, 309, 13], "temperature": 0.0, "avg_logprob": -0.83170166015625, "compression_ratio": 0.8666666666666667, "no_speech_prob": 0.1795133650302887}], "language": "en"}