{"text": " Yeah, 34 euro.", "segments": [{"id": 0, "seek": 0, "start": 0.0, "end": 1.56, "text": " Yeah, 34 euro.", "tokens": [865, 11, 12790, 14206, 13], "temperature": 1.0, "avg_logprob": -1.368431568145752, "compression_ratio": 0.6363636363636364, "no_speech_prob": 0.12048842757940292}], "language": "en"}