{"text": " Okay, 13.", "segments": [{"id": 0, "seek": 0, "start": 0.0, "end": 1.0, "text": " Okay, 13.", "tokens": [1033, 11, 3705, 13], "temperature": 0.0, "avg_logprob": -0.7256081444876534, "compression_ratio": 0.5294117647058824, "no_speech_prob": 0.24016162753105164}], "language": "en"}