{"text": " 34 euro. 34. Yeah, 34.", "segments": [{"id": 0, "seek": 0, "start": 0.0, "end": 3.92, "text": " 34 euro. 34. Yeah, 34.", "tokens": [12790, 14206, 13, 12790, 13, 865, 11, 12790, 13], "temperature": 0.0, "avg_logprob": -0.7520034313201904, "compression_ratio": 0.8148148148148148, "no_speech_prob": 0.12434832751750946}], "language": "en"}