{"text": " 34 euro per key for your own effort", "segments": [{"id": 0, "seek": 0, "start": 0.0, "end": 3.2, "text": " 34 euro per key for your own effort", "tokens": [12790, 14206, 680, 2141, 337, 428, 1065, 4630], "temperature": 0.0, "avg_logprob": -0.9357311075383966, "compression_ratio": 0.8536585365853658, "no_speech_prob": 0.33667904138565063}], "language": "en"}