{"text": " Thank you.", "segments": [{"id": 0, "seek": 0, "start": 0.0, "end": 2.0, "text": " Thank you.", "tokens": [1044, 291, 13], "temperature": 0.0, "avg_logprob": -0.8649164835611979, "compression_ratio": 0.5555555555555556, "no_speech_prob": 0.6461753249168396}], "language": "en"}