{"text": " Are you ready? Two, okay. Are you ready? Two, okay.", "segments": [{"id": 0, "seek": 0, "start": 0.0, "end": 1.0, "text": " Are you ready?", "tokens": [2014, 291, 1919, 30], "temperature": 0.0, "avg_logprob": -0.9723878273597131, "compression_ratio": 0.7575757575757576, "no_speech_prob": 0.41425105929374695}, {"id": 0, "seek": 0, "start": 1.0, "end": 2.0, "text": " Two, okay.", "tokens": [4453, 11, 1392, 13], "temperature": 0.0, "avg_logprob": -0.9723878273597131, "compression_ratio": 0.7575757575757576, "no_speech_prob": 0.41425105929374695}], "language": "en"}