{"text": " I need to buy information. I need to give us so many numbers to remember all the answer.", "segments": [{"id": 0, "seek": 0, "start": 0.0, "end": 6.0, "text": " I need to buy information. I need to give us so many numbers to remember all the answer.", "tokens": [286, 643, 281, 2256, 1589, 13, 286, 643, 281, 976, 505, 370, 867, 3547, 281, 1604, 439, 264, 1867, 13], "temperature": 0.0, "avg_logprob": -0.7482280731201172, "compression_ratio": 1.1428571428571428, "no_speech_prob": 0.22618894279003143}], "language": "en"}