{"text": " And your repeat is 30.", "segments": [{"id": 0, "seek": 0, "start": 0.0, "end": 1.32, "text": " And your repeat is 30.", "tokens": [400, 428, 7149, 307, 2217, 13], "temperature": 0.0, "avg_logprob": -0.7942590713500977, "compression_ratio": 0.7333333333333333, "no_speech_prob": 0.17557461559772491}], "language": "en"}