{"text": " Ready? Okay, you repeat the question. Third grade.", "segments": [{"id": 0, "seek": 0, "start": 0.0, "end": 2.8000000000000003, "text": " Ready? Okay, you repeat the question. Third grade.", "tokens": [9944, 30, 1033, 11, 291, 7149, 264, 1168, 13, 12548, 7204, 13], "temperature": 0.0, "avg_logprob": -0.7076353708902995, "compression_ratio": 0.8620689655172413, "no_speech_prob": 0.13075190782546997}], "language": "en"}