{"text": " course shaped.", "segments": [{"id": 0, "seek": 0, "start": 0.0, "end": 0.96, "text": " course shaped.", "tokens": [1164, 13475, 13], "temperature": 1.0, "avg_logprob": -3.643547693888346, "compression_ratio": 0.6363636363636364, "no_speech_prob": 0.2586851119995117}], "language": "en"}