{"text": " Okay, let it again. This is 40.", "segments": [{"id": 0, "seek": 0, "start": 0.0, "end": 2.0, "text": " Okay, let it again. This is 40.", "tokens": [1033, 11, 718, 309, 797, 13, 639, 307, 3356, 13], "temperature": 0.0, "avg_logprob": -0.6991289578951322, "compression_ratio": 0.8378378378378378, "no_speech_prob": 0.13695526123046875}], "language": "en"}