{"text": " I don't know what you said, but I think it's dirty.", "segments": [{"id": 0, "seek": 0, "start": 0.0, "end": 3.0, "text": " I don't know what you said, but I think it's dirty.", "tokens": [286, 500, 380, 458, 437, 291, 848, 11, 457, 286, 519, 309, 311, 9360, 13], "temperature": 0.0, "avg_logprob": -0.4936473634507921, "compression_ratio": 0.864406779661017, "no_speech_prob": 0.3040012717247009}], "language": "en"}