{"text": " His mother gave him 15 hours and he was at least 34.", "segments": [{"id": 0, "seek": 0, "start": 0.0, "end": 4.6000000000000005, "text": " His mother gave him 15 hours and he was at least 34.", "tokens": [2812, 2895, 2729, 796, 2119, 2496, 293, 415, 390, 412, 1935, 12790, 13], "temperature": 0.0, "avg_logprob": -0.7472206354141235, "compression_ratio": 0.896551724137931, "no_speech_prob": 0.22262004017829895}], "language": "en"}