{"text": " she has 30 home", "segments": [{"id": 0, "seek": 0, "start": 0.0, "end": 10.52, "text": " she has 30 home", "tokens": [750, 575, 2217, 1280], "temperature": 1.0, "avg_logprob": -3.0154241834368025, "compression_ratio": 0.6521739130434783, "no_speech_prob": 0.3937916159629822}], "language": "en"}