{"text": " Okay, did you say pieces of pencil or pieces of gold? Can you repeat the question? Please. I'm 30. Okay, did you say pieces of pencil or pieces of gold? Can you repeat the question? Please. I'm 30.", "segments": [{"id": 0, "seek": 0, "start": 0.0, "end": 4.16, "text": " Okay, did you say pieces of pencil or pieces of gold?", "tokens": [1033, 11, 630, 291, 584, 3755, 295, 10985, 420, 3755, 295, 3821, 30], "temperature": 0.0, "avg_logprob": -0.7392401414759019, "compression_ratio": 1.0769230769230769, "no_speech_prob": 0.07138524204492569}, {"id": 0, "seek": 0, "start": 4.16, "end": 5.24, "text": " Can you repeat the question?", "tokens": [1664, 291, 7149, 264, 1168, 30], "temperature": 0.0, "avg_logprob": -0.7392401414759019, "compression_ratio": 1.0769230769230769, "no_speech_prob": 0.07138524204492569}, {"id": 0, "seek": 0, "start": 5.24, "end": 6.08, "text": " Please.", "tokens": [2555, 13], "temperature": 0.0, "avg_logprob": -0.7392401414759019, "compression_ratio": 1.0769230769230769, "no_speech_prob": 0.07138524204492569}, {"id": 0, "seek": 0, "start": 6.08, "end": 7.08, "text": " I'm 30.", "tokens": [286, 478, 2217, 13], "temperature": 0.0, "avg_logprob": -0.7392401414759019, "compression_ratio": 1.0769230769230769, "no_speech_prob": 0.07138524204492569}], "language": "en"}