{"text": " Should be 15.", "segments": [{"id": 0, "seek": 0, "start": 0.0, "end": 1.0, "text": " Should be 15.", "tokens": [6454, 312, 2119, 13], "temperature": 0.0, "avg_logprob": -0.5124103001185826, "compression_ratio": 0.6190476190476191, "no_speech_prob": 0.2525145709514618}], "language": "en"}