{"text": " to repeat the question. Though I have an answer now. She should have, she should have 30. This is now 30. to repeat the question. Though I have an answer now. She should have, she should have 30. This is now 30.", "segments": [{"id": 0, "seek": 0, "start": 0.0, "end": 1.48, "text": " to repeat the question.", "tokens": [281, 7149, 264, 1168, 13], "temperature": 0.0, "avg_logprob": -0.6673133305140904, "compression_ratio": 1.206896551724138, "no_speech_prob": 0.13554969429969788}, {"id": 0, "seek": 0, "start": 1.48, "end": 4.24, "text": " Though I have an answer now.", "tokens": [10404, 286, 362, 364, 1867, 586, 13], "temperature": 0.0, "avg_logprob": -0.6673133305140904, "compression_ratio": 1.206896551724138, "no_speech_prob": 0.13554969429969788}, {"id": 0, "seek": 0, "start": 4.24, "end": 7.16, "text": " She should have, she should have 30.", "tokens": [1240, 820, 362, 11, 750, 820, 362, 2217, 13], "temperature": 0.0, "avg_logprob": -0.6673133305140904, "compression_ratio": 1.206896551724138, "no_speech_prob": 0.13554969429969788}, {"id": 0, "seek": 0, "start": 7.16, "end": 8.44, "text": " This is now 30.", "tokens": [639, 307, 586, 2217, 13], "temperature": 0.0, "avg_logprob": -0.6673133305140904, "compression_ratio": 1.206896551724138, "no_speech_prob": 0.13554969429969788}], "language": "en"}