{"text": " Morty", "segments": [{"id": 0, "seek": 0, "start": 0.0, "end": 2.84, "text": " Morty", "tokens": [24977, 88], "temperature": 1.0, "avg_logprob": -2.954306411743164, "compression_ratio": 0.38461538461538464, "no_speech_prob": 0.23175472021102905}], "language": "en"}