{"text": " Yep, I'll repeat the question. It's 70, it's 70, it's in the choir. Yep, I'll repeat the question. It's 70, it's 70, it's in the choir.", "segments": [{"id": 0, "seek": 0, "start": 0.0, "end": 2.0, "text": " Yep, I'll repeat the question.", "tokens": [7010, 11, 286, 603, 7149, 264, 1168, 13], "temperature": 0.0, "avg_logprob": -0.7685582902696397, "compression_ratio": 1.098360655737705, "no_speech_prob": 0.04278230294585228}, {"id": 0, "seek": 0, "start": 2.0, "end": 6.0, "text": " It's 70, it's 70, it's in the choir.", "tokens": [467, 311, 5285, 11, 309, 311, 5285, 11, 309, 311, 294, 264, 31244, 13], "temperature": 0.0, "avg_logprob": -0.7685582902696397, "compression_ratio": 1.098360655737705, "no_speech_prob": 0.04278230294585228}], "language": "en"}