{"text": " 13, 13.", "segments": [{"id": 0, "seek": 0, "start": 0.0, "end": 2.0, "text": " 13, 13.", "tokens": [3705, 11, 3705, 13], "temperature": 0.0, "avg_logprob": -0.7084638731820243, "compression_ratio": 0.4666666666666667, "no_speech_prob": 0.200547456741333}], "language": "en"}