{"text": " Thank you.", "segments": [{"id": 0, "seek": 0, "start": 0.0, "end": 1.0, "text": " Thank you.", "tokens": [1044, 291, 13], "temperature": 0.0, "avg_logprob": -0.6941940784454346, "compression_ratio": 0.5555555555555556, "no_speech_prob": 0.10507553070783615}], "language": "en"}