{"text": " Okay, did you repeat the question please? Zero, no, no, cover.", "segments": [{"id": 0, "seek": 0, "start": 0.0, "end": 2.8000000000000003, "text": " Okay, did you repeat the question please? Zero, no, no, cover.", "tokens": [1033, 11, 630, 291, 7149, 264, 1168, 1767, 30, 17182, 11, 572, 11, 572, 11, 2060, 13], "temperature": 0.0, "avg_logprob": -0.7096134662628174, "compression_ratio": 0.96875, "no_speech_prob": 0.1056051030755043}], "language": "en"}