{"text": " 15, thank you.", "segments": [{"id": 0, "seek": 0, "start": 0.0, "end": 1.0, "text": " 15, thank you.", "tokens": [2119, 11, 1309, 291, 13], "temperature": 0.0, "avg_logprob": -0.613735020160675, "compression_ratio": 0.6363636363636364, "no_speech_prob": 0.15758444368839264}], "language": "en"}