{"text": " Yes, Party.", "segments": [{"id": 0, "seek": 0, "start": 0.0, "end": 2.0, "text": " Yes, Party.", "tokens": [1079, 11, 8552, 13], "temperature": 0.0, "avg_logprob": -0.8389405523027692, "compression_ratio": 0.5789473684210527, "no_speech_prob": 0.08891093730926514}], "language": "en"}