{"text": " Can you repeat? 15.", "segments": [{"id": 0, "seek": 0, "start": 0.0, "end": 2.0, "text": " Can you repeat? 15.", "tokens": [1664, 291, 7149, 30, 2119, 13], "temperature": 0.0, "avg_logprob": -0.5501990848117404, "compression_ratio": 0.7037037037037037, "no_speech_prob": 0.14712637662887573}], "language": "en"}