{"text": " 34 euro", "segments": [{"id": 0, "seek": 0, "start": 0.0, "end": 2.0, "text": " 34 euro", "tokens": [12790, 14206], "temperature": 0.0, "avg_logprob": -0.7070090770721436, "compression_ratio": 0.4666666666666667, "no_speech_prob": 0.2678505480289459}], "language": "en"}