{"text": " 26-year-old.", "segments": [{"id": 0, "seek": 0, "start": 0.0, "end": 1.32, "text": " 26-year-old.", "tokens": [7551, 12, 5294, 12, 2641, 13], "temperature": 0.0, "avg_logprob": -0.7186731232537164, "compression_ratio": 0.6, "no_speech_prob": 0.1304701864719391}], "language": "en"}