{"text": " for these students. Thank you.", "segments": [{"id": 0, "seek": 0, "start": 0.0, "end": 2.24, "text": " for these students. Thank you.", "tokens": [337, 613, 1731, 13, 1044, 291, 13], "temperature": 0.0, "avg_logprob": -0.570630407333374, "compression_ratio": 0.7894736842105263, "no_speech_prob": 0.08229891955852509}], "language": "en"}