{"text": " 15.", "segments": [{"id": 0, "seek": 0, "start": 0.0, "end": 1.0, "text": " 15.", "tokens": [2119, 13], "temperature": 0.0, "avg_logprob": -0.8823616981506348, "compression_ratio": 0.2727272727272727, "no_speech_prob": 0.5258714556694031}], "language": "en"}