{"text": " 13-4", "segments": [{"id": 0, "seek": 0, "start": 0.0, "end": 2.0, "text": " 13-4", "tokens": [3705, 12, 19], "temperature": 0.0, "avg_logprob": -0.5353214343388876, "compression_ratio": 0.3333333333333333, "no_speech_prob": 0.20057734847068787}], "language": "en"}