{"text": " Could you repeat the question for me again please? I think there are 15 students in the class. Could you repeat the question for me again please? I think there are 15 students in the class.", "segments": [{"id": 0, "seek": 0, "start": 0.0, "end": 2.0, "text": " Could you repeat the question for me again please?", "tokens": [7497, 291, 7149, 264, 1168, 337, 385, 797, 1767, 30], "temperature": 0.0, "avg_logprob": -0.3009184455871582, "compression_ratio": 1.0681818181818181, "no_speech_prob": 0.048500463366508484}, {"id": 0, "seek": 0, "start": 2.0, "end": 5.0, "text": " I think there are 15 students in the class.", "tokens": [286, 519, 456, 366, 2119, 1731, 294, 264, 1508, 13], "temperature": 0.0, "avg_logprob": -0.3009184455871582, "compression_ratio": 1.0681818181818181, "no_speech_prob": 0.048500463366508484}], "language": "en"}