{"text": " And you repeat the question for me again. 34 year-old, I think. Thank you. And you repeat the question for me again. 34 year-old, I think. Thank you.", "segments": [{"id": 0, "seek": 0, "start": 0.0, "end": 1.8, "text": " And you repeat the question for me again.", "tokens": [400, 291, 7149, 264, 1168, 337, 385, 797, 13], "temperature": 0.0, "avg_logprob": -0.5692406760321723, "compression_ratio": 0.9367088607594937, "no_speech_prob": 0.05298522114753723}, {"id": 0, "seek": 0, "start": 1.8, "end": 3.04, "text": " 34 year-old, I think.", "tokens": [12790, 1064, 12, 2641, 11, 286, 519, 13], "temperature": 0.0, "avg_logprob": -0.5692406760321723, "compression_ratio": 0.9367088607594937, "no_speech_prob": 0.05298522114753723}, {"id": 0, "seek": 0, "start": 3.04, "end": 3.8000000000000003, "text": " Thank you.", "tokens": [1044, 291, 13], "temperature": 0.0, "avg_logprob": -0.5692406760321723, "compression_ratio": 0.9367088607594937, "no_speech_prob": 0.05298522114753723}], "language": "en"}