{"text": " I would say there are 40 students in the choir.", "segments": [{"id": 0, "seek": 0, "start": 0.0, "end": 2.5, "text": " I would say there are 40 students in the choir.", "tokens": [286, 576, 584, 456, 366, 3356, 1731, 294, 264, 31244, 13], "temperature": 0.0, "avg_logprob": -0.3028992584773472, "compression_ratio": 0.9215686274509803, "no_speech_prob": 0.01999662071466446}], "language": "en"}