{"text": " uh... for he assuming there are no other genders", "segments": [{"id": 0, "seek": 0, "start": 0.0, "end": 2.0, "text": " uh... for he assuming there are no other genders", "tokens": [2232, 485, 337, 415, 11926, 456, 366, 572, 661, 290, 16292], "temperature": 0.0, "avg_logprob": -0.6562521798270089, "compression_ratio": 0.9411764705882353, "no_speech_prob": 0.04510755091905594}], "language": "en"}