{"text": " Yes, 13.", "segments": [{"id": 0, "seek": 0, "start": 0.0, "end": 0.84, "text": " Yes, 13.", "tokens": [1079, 11, 3705, 13], "temperature": 0.0, "avg_logprob": -0.6074001448495048, "compression_ratio": 0.5, "no_speech_prob": 0.21275649964809418}], "language": "en"}