{"text": " 34 euro.", "segments": [{"id": 0, "seek": 0, "start": 0.0, "end": 1.0, "text": " 34 euro.", "tokens": [12790, 14206, 13], "temperature": 0.0, "avg_logprob": -0.6001693805058798, "compression_ratio": 0.5, "no_speech_prob": 0.14696475863456726}], "language": "en"}