{"text": " Between 5 and 15, if all of the groups have the same students, then there's only 5. But if all of, yeah, well, 15 if they're all separate, but they could all be the same group with a non-uniquely. So it just joins some sets of the entire class and it's 15. Otherwise not. Between 5 and 15, if all of the groups have the same students, then there's only 5. But if all of, yeah, well, 15 if they're all separate, but they could all be the same group with a non-uniquely. So it just joins some sets of the entire class and it's 15. Otherwise not.", "segments": [{"id": 0, "seek": 0, "start": 0.0, "end": 7.0, "text": " Between 5 and 15, if all of the groups have the same students, then there's only 5.", "tokens": [18967, 1025, 293, 2119, 11, 498, 439, 295, 264, 3935, 362, 264, 912, 1731, 11, 550, 456, 311, 787, 1025, 13], "temperature": 0.0, "avg_logprob": -0.40109966962765425, "compression_ratio": 1.4972375690607735, "no_speech_prob": 0.08217421919107437}, {"id": 0, "seek": 0, "start": 7.0, "end": 13.0, "text": " But if all of, yeah, well, 15 if they're all separate, but they could all be the same group with a non-uniquely.", "tokens": [583, 498, 439, 295, 11, 1338, 11, 731, 11, 2119, 498, 436, 434, 439, 4994, 11, 457, 436, 727, 439, 312, 264, 912, 1594, 365, 257, 2107, 12, 409, 3221, 736, 13], "temperature": 0.0, "avg_logprob": -0.40109966962765425, "compression_ratio": 1.4972375690607735, "no_speech_prob": 0.08217421919107437}, {"id": 0, "seek": 0, "start": 13.0, "end": 17.0, "text": " So it just joins some sets of the entire class and it's 15. Otherwise not.", "tokens": [407, 309, 445, 24397, 512, 6352, 295, 264, 2302, 1508, 293, 309, 311, 2119, 13, 10328, 406, 13], "temperature": 0.0, "avg_logprob": -0.40109966962765425, "compression_ratio": 1.4972375690607735, "no_speech_prob": 0.08217421919107437}], "language": "en"}