{"text": " oiiing", "segments": [{"id": 0, "seek": 0, "start": 0.0, "end": 2.0, "text": " oiiing", "tokens": [277, 5597, 278], "temperature": 1.0, "avg_logprob": -3.1125033696492515, "compression_ratio": 0.42857142857142855, "no_speech_prob": 0.43438804149627686}], "language": "en"}