{"text": " and thank you students, thank you all very much.", "segments": [{"id": 0, "seek": 0, "start": 0.0, "end": 3.0, "text": " and thank you students, thank you all very much.", "tokens": [293, 1309, 291, 1731, 11, 1309, 291, 439, 588, 709, 13], "temperature": 0.0, "avg_logprob": -0.8403150013514927, "compression_ratio": 1.0212765957446808, "no_speech_prob": 0.18187126517295837}], "language": "en"}