{"text": " baby lewat knuk soy", "segments": [{"id": 0, "seek": 0, "start": 0.0, "end": 2.0, "text": " baby lewat knuk soy", "tokens": [3186, 476, 44824, 444, 2034, 8812], "temperature": 1.0, "avg_logprob": -4.792047712537977, "compression_ratio": 0.7037037037037037, "no_speech_prob": 0.18947531282901764}], "language": "ms"}