{"text": " \u043d\u0430\u0447\u0438\u043d\u0430 banana", "segments": [{"id": 0, "seek": 0, "start": 0.0, "end": 1.54, "text": " \u043d\u0430\u0447\u0438\u043d\u0430 banana", "tokens": [21995, 14194], "temperature": 1.0, "avg_logprob": -5.08038558959961, "compression_ratio": 0.76, "no_speech_prob": 0.286566823720932}], "language": "hi"}