{"text": " Let's go to the next one. Pieces of what? 13. Let's go to the next one. Pieces of what? 13.", "segments": [{"id": 0, "seek": 0, "start": 0.0, "end": 1.28, "text": " Let's go to the next one.", "tokens": [961, 311, 352, 281, 264, 958, 472, 13], "temperature": 0.0, "avg_logprob": -0.5678129196166992, "compression_ratio": 0.8823529411764706, "no_speech_prob": 0.022074587643146515}, {"id": 0, "seek": 0, "start": 1.28, "end": 2.48, "text": " Pieces of what?", "tokens": [22914, 887, 295, 437, 30], "temperature": 0.0, "avg_logprob": -0.5678129196166992, "compression_ratio": 0.8823529411764706, "no_speech_prob": 0.022074587643146515}, {"id": 0, "seek": 0, "start": 2.48, "end": 3.2800000000000002, "text": " 13.", "tokens": [3705, 13], "temperature": 0.0, "avg_logprob": -0.5678129196166992, "compression_ratio": 0.8823529411764706, "no_speech_prob": 0.022074587643146515}], "language": "en"}