{"text": " One more time and slowly please. 40. One more time and slowly please. 40.", "segments": [{"id": 0, "seek": 0, "start": 0.0, "end": 2.0, "text": " One more time and slowly please.", "tokens": [1485, 544, 565, 293, 5692, 1767, 13], "temperature": 0.0, "avg_logprob": -0.8469052314758301, "compression_ratio": 0.8181818181818182, "no_speech_prob": 0.14805853366851807}, {"id": 0, "seek": 0, "start": 2.0, "end": 2.5, "text": " 40.", "tokens": [3356, 13], "temperature": 0.0, "avg_logprob": -0.8469052314758301, "compression_ratio": 0.8181818181818182, "no_speech_prob": 0.14805853366851807}], "language": "en"}