{"text": " get 15 of 15, then 34, 34, right 34.", "segments": [{"id": 0, "seek": 0, "start": 0.0, "end": 5.8, "text": " get 15 of 15, then 34, 34, right 34.", "tokens": [483, 2119, 295, 2119, 11, 550, 12790, 11, 12790, 11, 558, 12790, 13], "temperature": 0.0, "avg_logprob": -0.6487632989883423, "compression_ratio": 0.9473684210526315, "no_speech_prob": 0.1869293451309204}], "language": "en"}