{"text": " Yes, 34 euros.", "segments": [{"id": 0, "seek": 0, "start": 0.0, "end": 2.0, "text": " Yes, 34 euros.", "tokens": [1079, 11, 12790, 14160, 13], "temperature": 0.0, "avg_logprob": -0.5813747048377991, "compression_ratio": 0.6363636363636364, "no_speech_prob": 0.18952453136444092}], "language": "en"}