{"text": " Yes, can you repeat that question? There are 40 students in the bar. Yes, can you repeat that question? There are 40 students in the bar.", "segments": [{"id": 0, "seek": 0, "start": 0.0, "end": 2.48, "text": " Yes, can you repeat that question?", "tokens": [1079, 11, 393, 291, 7149, 300, 1168, 30], "temperature": 0.0, "avg_logprob": -0.45319557189941406, "compression_ratio": 0.9444444444444444, "no_speech_prob": 0.04160422086715698}, {"id": 0, "seek": 0, "start": 2.48, "end": 4.48, "text": " There are 40 students in the bar.", "tokens": [821, 366, 3356, 1731, 294, 264, 2159, 13], "temperature": 0.0, "avg_logprob": -0.45319557189941406, "compression_ratio": 0.9444444444444444, "no_speech_prob": 0.04160422086715698}], "language": "en"}