{"text": " On T3, your pupil question. 40. On T3, your pupil question. 40.", "segments": [{"id": 0, "seek": 0, "start": 0.0, "end": 1.6400000000000001, "text": " On T3, your pupil question.", "tokens": [1282, 314, 18, 11, 428, 44533, 1168, 13], "temperature": 0.2, "avg_logprob": -0.9989919026692708, "compression_ratio": 0.7948717948717948, "no_speech_prob": 0.19953075051307678}, {"id": 0, "seek": 0, "start": 1.6400000000000001, "end": 2.14, "text": " 40.", "tokens": [3356, 13], "temperature": 0.2, "avg_logprob": -0.9989919026692708, "compression_ratio": 0.7948717948717948, "no_speech_prob": 0.19953075051307678}], "language": "en"}