{"text": " and", "segments": [{"id": 0, "seek": 0, "start": 0.0, "end": 24.560000000000002, "text": " and", "tokens": [293], "temperature": 1.0, "avg_logprob": -2.4832749366760254, "compression_ratio": 0.2727272727272727, "no_speech_prob": 0.5350286364555359}], "language": "en"}