{"text": " 32 year old 32", "segments": [{"id": 0, "seek": 0, "start": 0.0, "end": 2.0, "text": " 32 year old 32", "tokens": [8858, 1064, 1331, 8858], "temperature": 0.0, "avg_logprob": -0.5834110123770577, "compression_ratio": 0.6363636363636364, "no_speech_prob": 0.16878990828990936}], "language": "en"}