{"text": " cream for", "segments": [{"id": 0, "seek": 0, "start": 0.0, "end": 9.14, "text": " cream for", "tokens": [4689, 337], "temperature": 1.0, "avg_logprob": -3.166701316833496, "compression_ratio": 0.5294117647058824, "no_speech_prob": 0.3043612837791443}], "language": "en"}