{"text": " Yep.", "segments": [{"id": 0, "seek": 0, "start": 0.0, "end": 1.1, "text": " Yep.", "tokens": [7010, 13], "temperature": 1.0, "avg_logprob": -1.9973920822143554, "compression_ratio": 0.3333333333333333, "no_speech_prob": 0.5520776510238647}], "language": "en"}