{"text": " That's a good question for you.", "segments": [{"id": 0, "seek": 0, "start": 0.0, "end": 2.0, "text": " That's a good question for you.", "tokens": [663, 311, 257, 665, 1168, 337, 291, 13], "temperature": 0.2, "avg_logprob": -0.9628940929066051, "compression_ratio": 0.7948717948717948, "no_speech_prob": 0.22398562729358673}], "language": "en"}