{"text": " Pepper, how much did the jeans call? How much did the jeans call? 34 euro. Pepper, how much did the jeans call? How much did the jeans call? 34 euro.", "segments": [{"id": 0, "seek": 0, "start": 0.0, "end": 1.8800000000000001, "text": " Pepper, how much did the jeans call?", "tokens": [30231, 11, 577, 709, 630, 264, 18880, 818, 30], "temperature": 0.0, "avg_logprob": -0.3954768180847168, "compression_ratio": 1.3214285714285714, "no_speech_prob": 0.043790552765131}, {"id": 0, "seek": 0, "start": 1.8800000000000001, "end": 3.3200000000000003, "text": " How much did the jeans call?", "tokens": [1012, 709, 630, 264, 18880, 818, 30], "temperature": 0.0, "avg_logprob": -0.3954768180847168, "compression_ratio": 1.3214285714285714, "no_speech_prob": 0.043790552765131}, {"id": 0, "seek": 0, "start": 3.3200000000000003, "end": 4.4, "text": " 34 euro.", "tokens": [12790, 14206, 13], "temperature": 0.0, "avg_logprob": -0.3954768180847168, "compression_ratio": 1.3214285714285714, "no_speech_prob": 0.043790552765131}], "language": "en"}