{"text": " So, could you repeat that again? 30. So, could you repeat that again? 30.", "segments": [{"id": 0, "seek": 0, "start": 0.0, "end": 1.08, "text": " So, could you repeat that again?", "tokens": [407, 11, 727, 291, 7149, 300, 797, 30], "temperature": 0.0, "avg_logprob": -0.5789639790852864, "compression_ratio": 0.8571428571428571, "no_speech_prob": 0.06729656457901001}, {"id": 0, "seek": 0, "start": 1.08, "end": 1.58, "text": " 30.", "tokens": [2217, 13], "temperature": 0.0, "avg_logprob": -0.5789639790852864, "compression_ratio": 0.8571428571428571, "no_speech_prob": 0.06729656457901001}], "language": "en"}