{"text": " Courtney.", "segments": [{"id": 0, "seek": 0, "start": 0.0, "end": 0.5, "text": " Courtney.", "tokens": [33489, 13], "temperature": 1.0, "avg_logprob": -1.7432607650756835, "compression_ratio": 0.5294117647058824, "no_speech_prob": 0.37739095091819763}], "language": "en"}