{"text": " ring finger takiego.", "segments": [{"id": 0, "seek": 0, "start": 0.0, "end": 3.1, "text": " ring finger takiego.", "tokens": [4875, 5984, 32296, 13], "temperature": 1.0, "avg_logprob": -5.294287000383649, "compression_ratio": 0.7692307692307693, "no_speech_prob": 0.4166967570781708}], "language": "en"}