{"text": " Can you repeat it please?", "segments": [{"id": 0, "seek": 0, "start": 0.0, "end": 2.0, "text": " Can you repeat it please?", "tokens": [1664, 291, 7149, 309, 1767, 30], "temperature": 0.0, "avg_logprob": -0.43916116820441353, "compression_ratio": 0.7575757575757576, "no_speech_prob": 0.23342673480510712}], "language": "en"}