{"text": " Fine, 30\u54c8\u54c8\u54c8.", "segments": [{"id": 0, "seek": 0, "start": 0.0, "end": 6.0, "text": " Fine, 30\u54c8\u54c8\u54c8.", "tokens": [12024, 11, 2217, 45809, 13], "temperature": 1.0, "avg_logprob": -3.283562421798706, "compression_ratio": 0.8571428571428571, "no_speech_prob": 0.07003671675920486}], "language": "de"}