{"text": " \u043d\u043e\u0440\u043c\u0430\u043b\u044c\u043d\u044b\u0439 \u043d\u043e\u0440\u043c\u0430\u043b\u044c\u043d\u044b\u0439", "segments": [{"id": 0, "seek": 0, "start": 0.0, "end": 28.0, "text": " \u043d\u043e\u0440\u043c\u0430\u043b\u044c\u043d\u044b\u0439", "tokens": [24068, 23393], "temperature": 1.0, "avg_logprob": -3.202739715576172, "compression_ratio": 0.6451612903225806, "no_speech_prob": 0.17598825693130493}], "language": "ru"}