{"text": " It repeats with 130.", "segments": [{"id": 0, "seek": 0, "start": 0.0, "end": 2.0, "text": " It repeats with 130.", "tokens": [467, 35038, 365, 19966, 13], "temperature": 0.0, "avg_logprob": -0.877484142780304, "compression_ratio": 0.7142857142857143, "no_speech_prob": 0.10009431838989258}], "language": "en"}