{"text": " Yes.", "segments": [{"id": 0, "seek": 0, "start": 0.0, "end": 1.0, "text": " Yes.", "tokens": [1079, 13], "temperature": 0.0, "avg_logprob": -0.9732756614685059, "compression_ratio": 0.3333333333333333, "no_speech_prob": 0.46652719378471375}], "language": "en"}