{"text": " Okay. Yes. Okay. Yes.", "segments": [{"id": 0, "seek": 0, "start": 0.0, "end": 1.0, "text": " Okay.", "tokens": [1033, 13], "temperature": 0.0, "avg_logprob": -0.6606021457248263, "compression_ratio": 0.5555555555555556, "no_speech_prob": 0.30754944682121277}, {"id": 0, "seek": 0, "start": 1.0, "end": 2.0, "text": " Yes.", "tokens": [1079, 13], "temperature": 0.0, "avg_logprob": -0.6606021457248263, "compression_ratio": 0.5555555555555556, "no_speech_prob": 0.30754944682121277}], "language": "en"}