{"text": " Yes, I am. For the... Yes, I am. For the...", "segments": [{"id": 0, "seek": 0, "start": 0.0, "end": 1.0, "text": " Yes, I am.", "tokens": [1079, 11, 286, 669, 13], "temperature": 0.0, "avg_logprob": -0.9362388757558969, "compression_ratio": 0.7241379310344828, "no_speech_prob": 0.3498276174068451}, {"id": 0, "seek": 0, "start": 1.0, "end": 2.0, "text": " For the...", "tokens": [1171, 264, 485], "temperature": 0.0, "avg_logprob": -0.9362388757558969, "compression_ratio": 0.7241379310344828, "no_speech_prob": 0.3498276174068451}], "language": "en"}