{"text": " 34 euros.", "segments": [{"id": 0, "seek": 0, "start": 0.0, "end": 1.0, "text": " 34 euros.", "tokens": [12790, 14160, 13], "temperature": 0.0, "avg_logprob": -0.5372684399286906, "compression_ratio": 0.5294117647058824, "no_speech_prob": 0.34608349204063416}], "language": "en"}