{"text": " 40.", "segments": [{"id": 0, "seek": 0, "start": 0.0, "end": 0.5, "text": " 40.", "tokens": [3356, 13], "temperature": 0.0, "avg_logprob": -0.9188389778137207, "compression_ratio": 0.2727272727272727, "no_speech_prob": 0.42936936020851135}], "language": "en"}