{"text": " 36. Yes, you are correct. 36. Yes, you are correct.", "segments": [{"id": 0, "seek": 0, "start": 0.0, "end": 1.0, "text": " 36.", "tokens": [8652, 13], "temperature": 0.0, "avg_logprob": -0.6772679548997146, "compression_ratio": 0.7575757575757576, "no_speech_prob": 0.18379127979278564}, {"id": 0, "seek": 0, "start": 1.0, "end": 2.4, "text": " Yes, you are correct.", "tokens": [1079, 11, 291, 366, 3006, 13], "temperature": 0.0, "avg_logprob": -0.6772679548997146, "compression_ratio": 0.7575757575757576, "no_speech_prob": 0.18379127979278564}], "language": "en"}