{"text": " participate", "segments": [{"id": 0, "seek": 0, "start": 0.0, "end": 10.66, "text": " participate", "tokens": [8197], "temperature": 1.0, "avg_logprob": -4.552347183227539, "compression_ratio": 0.5789473684210527, "no_speech_prob": 0.24881239235401154}], "language": "en"}