{"text": " Good because they're avoc camera.", "segments": [{"id": 0, "seek": 0, "start": 0.0, "end": 5.32, "text": " Good because they're avoc camera.", "tokens": [2205, 570, 436, 434, 1305, 905, 2799, 13], "temperature": 1.0, "avg_logprob": -4.909441167658025, "compression_ratio": 0.8048780487804879, "no_speech_prob": 0.27615126967430115}], "language": "en"}