{"text": " Good afternoon.", "segments": [{"id": 0, "seek": 0, "start": 0.0, "end": 3.04, "text": " Good afternoon.", "tokens": [2205, 6499, 13], "temperature": 1.0, "avg_logprob": -1.7034694353739421, "compression_ratio": 0.6521739130434783, "no_speech_prob": 0.31019747257232666}], "language": "en"}