{"text": " and you please repeat it and you please repeat it slowly just 13 hours then", "segments": [{"id": 0, "seek": 0, "start": 0.0, "end": 4.0, "text": " and you please repeat it and you please repeat it slowly just 13 hours then", "tokens": [293, 291, 1767, 7149, 309, 293, 291, 1767, 7149, 309, 5692, 445, 3705, 2496, 550], "temperature": 0.0, "avg_logprob": -0.629315111372206, "compression_ratio": 1.2295081967213115, "no_speech_prob": 0.15389427542686462}], "language": "en"}