{"text": " 15th row.", "segments": [{"id": 0, "seek": 0, "start": 0.0, "end": 3.36, "text": " 15th row.", "tokens": [2119, 392, 5386, 13], "temperature": 1.0, "avg_logprob": -1.7700992311750139, "compression_ratio": 0.5294117647058824, "no_speech_prob": 0.4441382586956024}], "language": "en"}