{"text": " There are 40 students.", "segments": [{"id": 0, "seek": 0, "start": 0.0, "end": 2.0, "text": " There are 40 students.", "tokens": [821, 366, 3356, 1731, 13], "temperature": 0.0, "avg_logprob": -0.4332200288772583, "compression_ratio": 0.7857142857142857, "no_speech_prob": 0.012197627685964108}], "language": "en"}