{"text": " She has, sorry, could you repeat the question? Linda has 30 pencils. Thank you. She has, sorry, could you repeat the question? Linda has 30 pencils. Thank you.", "segments": [{"id": 0, "seek": 0, "start": 0.0, "end": 3.0, "text": " She has, sorry, could you repeat the question?", "tokens": [1240, 575, 11, 2597, 11, 727, 291, 7149, 264, 1168, 30], "temperature": 0.0, "avg_logprob": -0.4431607906634991, "compression_ratio": 0.9753086419753086, "no_speech_prob": 0.024879226461052895}, {"id": 0, "seek": 0, "start": 3.0, "end": 4.5600000000000005, "text": " Linda has 30 pencils.", "tokens": [20324, 575, 2217, 30857, 13], "temperature": 0.0, "avg_logprob": -0.4431607906634991, "compression_ratio": 0.9753086419753086, "no_speech_prob": 0.024879226461052895}, {"id": 0, "seek": 0, "start": 4.5600000000000005, "end": 5.5600000000000005, "text": " Thank you.", "tokens": [1044, 291, 13], "temperature": 0.0, "avg_logprob": -0.4431607906634991, "compression_ratio": 0.9753086419753086, "no_speech_prob": 0.024879226461052895}], "language": "en"}