{"text": " He has 34 euros.", "segments": [{"id": 0, "seek": 0, "start": 0.0, "end": 2.0, "text": " He has 34 euros.", "tokens": [634, 575, 12790, 14160, 13], "temperature": 0.0, "avg_logprob": -0.5921968221664429, "compression_ratio": 0.6666666666666666, "no_speech_prob": 0.09999746829271317}], "language": "en"}