{"text": " How many girls are there? How many girls? So there are 40 students in the choir.", "segments": [{"id": 0, "seek": 0, "start": 0.0, "end": 5.0, "text": " How many girls are there? How many girls? So there are 40 students in the choir.", "tokens": [1012, 867, 4519, 366, 456, 30, 1012, 867, 4519, 30, 407, 456, 366, 3356, 1731, 294, 264, 31244, 13], "temperature": 0.0, "avg_logprob": -0.3283342014659535, "compression_ratio": 1.1940298507462686, "no_speech_prob": 0.024718027561903}], "language": "en"}