{"text": " Sorry, can you repeat that? And she has 30 pieces. Sorry, can you repeat that? And she has 30 pieces.", "segments": [{"id": 0, "seek": 0, "start": 0.0, "end": 1.32, "text": " Sorry, can you repeat that?", "tokens": [4919, 11, 393, 291, 7149, 300, 30], "temperature": 0.0, "avg_logprob": -0.39099976751539445, "compression_ratio": 0.8620689655172413, "no_speech_prob": 0.02419094741344452}, {"id": 0, "seek": 0, "start": 1.32, "end": 2.8000000000000003, "text": " And she has 30 pieces.", "tokens": [400, 750, 575, 2217, 3755, 13], "temperature": 0.0, "avg_logprob": -0.39099976751539445, "compression_ratio": 0.8620689655172413, "no_speech_prob": 0.02419094741344452}], "language": "en"}