{"text": " And you helped me pepper 15. And you helped me pepper. That wasn't helping me. That's a pity question. And you helped me pepper 15. And you helped me pepper. That wasn't helping me. That's a pity question.", "segments": [{"id": 0, "seek": 0, "start": 0.0, "end": 1.48, "text": " And you helped me pepper 15.", "tokens": [400, 291, 4254, 385, 8532, 2119, 13], "temperature": 0.0, "avg_logprob": -0.43148374557495117, "compression_ratio": 1.275, "no_speech_prob": 0.05124269798398018}, {"id": 0, "seek": 0, "start": 1.48, "end": 3.24, "text": " And you helped me pepper.", "tokens": [400, 291, 4254, 385, 8532, 13], "temperature": 0.0, "avg_logprob": -0.43148374557495117, "compression_ratio": 1.275, "no_speech_prob": 0.05124269798398018}, {"id": 0, "seek": 0, "start": 3.24, "end": 4.48, "text": " That wasn't helping me.", "tokens": [663, 2067, 380, 4315, 385, 13], "temperature": 0.0, "avg_logprob": -0.43148374557495117, "compression_ratio": 1.275, "no_speech_prob": 0.05124269798398018}, {"id": 0, "seek": 0, "start": 4.48, "end": 5.64, "text": " That's a pity question.", "tokens": [663, 311, 257, 21103, 1168, 13], "temperature": 0.0, "avg_logprob": -0.43148374557495117, "compression_ratio": 1.275, "no_speech_prob": 0.05124269798398018}], "language": "en"}