{"text": " I believe he has 36.", "segments": [{"id": 0, "seek": 0, "start": 0.0, "end": 2.24, "text": " I believe he has 36.", "tokens": [286, 1697, 415, 575, 8652, 13], "temperature": 0.0, "avg_logprob": -0.5041226281060113, "compression_ratio": 0.7692307692307693, "no_speech_prob": 0.07131927460432053}], "language": "en"}