{"text": " 34 long", "segments": [{"id": 0, "seek": 0, "start": 0.0, "end": 2.0, "text": " 34 long", "tokens": [12790, 938], "temperature": 0.0, "avg_logprob": -0.8464574813842773, "compression_ratio": 0.4666666666666667, "no_speech_prob": 0.23846784234046936}], "language": "en"}