{"text": " Here are a thing's that you can use. Yeah! Sunson Here are a thing's that you can use. Yeah! Sunson", "segments": [{"id": 0, "seek": 0, "start": 0.0, "end": 0.98, "text": " Here are a thing's that you can use.", "tokens": [1692, 366, 257, 551, 311, 300, 291, 393, 764, 13], "temperature": 1.0, "avg_logprob": -2.6797163827078685, "compression_ratio": 0.9245283018867925, "no_speech_prob": 0.19382205605506897}, {"id": 0, "seek": 0, "start": 0.98, "end": 1.98, "text": " Yeah!", "tokens": [865, 0], "temperature": 1.0, "avg_logprob": -2.6797163827078685, "compression_ratio": 0.9245283018867925, "no_speech_prob": 0.19382205605506897}, {"id": 0, "seek": 0, "start": 1.98, "end": 2.2800000000000002, "text": " Sunson", "tokens": [6163, 3015], "temperature": 1.0, "avg_logprob": -2.6797163827078685, "compression_ratio": 0.9245283018867925, "no_speech_prob": 0.19382205605506897}], "language": "en"}