{"text": " 95th, the questions too long. 60. 95th, the questions too long. 60.", "segments": [{"id": 0, "seek": 0, "start": 0.0, "end": 2.32, "text": " 95th, the questions too long.", "tokens": [13420, 392, 11, 264, 1651, 886, 938, 13], "temperature": 0.0, "avg_logprob": -0.7048026402791341, "compression_ratio": 0.8048780487804879, "no_speech_prob": 0.07595177739858627}, {"id": 0, "seek": 0, "start": 2.32, "end": 3.16, "text": " 60.", "tokens": [4060, 13], "temperature": 0.0, "avg_logprob": -0.7048026402791341, "compression_ratio": 0.8048780487804879, "no_speech_prob": 0.07595177739858627}], "language": "en"}