{"text": " We can go to the next question. Yes. We can go to the next question. Yes.", "segments": [{"id": 0, "seek": 0, "start": 0.0, "end": 1.48, "text": " We can go to the next question.", "tokens": [492, 393, 352, 281, 264, 958, 1168, 13], "temperature": 0.0, "avg_logprob": -0.5061574300130208, "compression_ratio": 0.8571428571428571, "no_speech_prob": 0.08797332644462585}, {"id": 0, "seek": 0, "start": 1.48, "end": 2.24, "text": " Yes.", "tokens": [1079, 13], "temperature": 0.0, "avg_logprob": -0.5061574300130208, "compression_ratio": 0.8571428571428571, "no_speech_prob": 0.08797332644462585}], "language": "en"}