{"text": " 8", "segments": [{"id": 0, "seek": 0, "start": 0.0, "end": 1.0, "text": " 8", "tokens": [1649], "temperature": 0.0, "avg_logprob": -0.602374255657196, "compression_ratio": 0.1111111111111111, "no_speech_prob": 0.2109653502702713}], "language": "en"}