{"text": " 2020", "segments": [{"id": 0, "seek": 0, "start": 0.0, "end": 1.0, "text": " 2020", "tokens": [4808], "temperature": 0.0, "avg_logprob": -0.7961814999580383, "compression_ratio": 0.3333333333333333, "no_speech_prob": 0.08502988517284393}], "language": "en"}