{"text": " Hmm, one piece, one piece between Linda and Tommy.", "segments": [{"id": 0, "seek": 0, "start": 0.0, "end": 5.0, "text": " Hmm, one piece, one piece between Linda and Tommy.", "tokens": [8239, 11, 472, 2522, 11, 472, 2522, 1296, 20324, 293, 19448, 13], "temperature": 0.0, "avg_logprob": -0.6029687245686849, "compression_ratio": 1.0204081632653061, "no_speech_prob": 0.20490321516990662}], "language": "en"}