{"text": " I'm sorry, perfect. I'm sorry. Can you repeat again? How many? I'm sorry, perfect. I'm sorry. Can you repeat again? How many?", "segments": [{"id": 0, "seek": 0, "start": 0.0, "end": 2.0, "text": " I'm sorry, perfect.", "tokens": [286, 478, 2597, 11, 2176, 13], "temperature": 0.0, "avg_logprob": -0.6422174835205078, "compression_ratio": 0.96875, "no_speech_prob": 0.22619611024856567}, {"id": 0, "seek": 0, "start": 2.0, "end": 4.0, "text": " I'm sorry.", "tokens": [286, 478, 2597, 13], "temperature": 0.0, "avg_logprob": -0.6422174835205078, "compression_ratio": 0.96875, "no_speech_prob": 0.22619611024856567}, {"id": 0, "seek": 0, "start": 4.0, "end": 6.0, "text": " Can you repeat again? How many?", "tokens": [1664, 291, 7149, 797, 30, 1012, 867, 30], "temperature": 0.0, "avg_logprob": -0.6422174835205078, "compression_ratio": 0.96875, "no_speech_prob": 0.22619611024856567}], "language": "en"}