{"text": " Four pieces. Two pieces. Repeat the questions please.", "segments": [{"id": 0, "seek": 0, "start": 0.0, "end": 3.2800000000000002, "text": " Four pieces. Two pieces. Repeat the questions please.", "tokens": [7451, 3755, 13, 4453, 3755, 13, 28523, 264, 1651, 1767, 13], "temperature": 0.0, "avg_logprob": -0.5069900240216937, "compression_ratio": 1.0, "no_speech_prob": 0.054373208433389664}], "language": "en"}