{"text": " Yes, 10 students. Could you repeat the task please?", "segments": [{"id": 0, "seek": 0, "start": 0.0, "end": 3.52, "text": " Yes, 10 students. Could you repeat the task please?", "tokens": [1079, 11, 1266, 1731, 13, 7497, 291, 7149, 264, 5633, 1767, 30], "temperature": 0.0, "avg_logprob": -0.43601833979288734, "compression_ratio": 0.864406779661017, "no_speech_prob": 0.0229666605591774}], "language": "en"}