{"text": " One more time please. Repeat again please. One more time please. Repeat again please.", "segments": [{"id": 0, "seek": 0, "start": 0.0, "end": 1.34, "text": " One more time please.", "tokens": [1485, 544, 565, 1767, 13], "temperature": 0.0, "avg_logprob": -0.47699175562177387, "compression_ratio": 0.9545454545454546, "no_speech_prob": 0.045670218765735626}, {"id": 0, "seek": 0, "start": 1.34, "end": 2.58, "text": " Repeat again please.", "tokens": [28523, 797, 1767, 13], "temperature": 0.0, "avg_logprob": -0.47699175562177387, "compression_ratio": 0.9545454545454546, "no_speech_prob": 0.045670218765735626}], "language": "en"}