{"text": " 33 Fl", "segments": [{"id": 0, "seek": 0, "start": 0.0, "end": 4.32, "text": " 33 Fl", "tokens": [11816, 3235], "temperature": 1.0, "avg_logprob": -3.6399864196777343, "compression_ratio": 0.38461538461538464, "no_speech_prob": 0.2584902048110962}], "language": "en"}