{"text": " uhhh 300 and 220", "segments": [{"id": 0, "seek": 0, "start": 0.0, "end": 9.42, "text": " uhhh 300 and 220", "tokens": [38594, 6641, 293, 29387], "temperature": 1.0, "avg_logprob": -2.7528490339006697, "compression_ratio": 0.6666666666666666, "no_speech_prob": 0.21856115758419037}], "language": "en"}