{"text": " Oh, I'm TV.", "segments": [{"id": 0, "seek": 0, "start": 0.0, "end": 2.0, "text": " Oh, I'm TV.", "tokens": [876, 11, 286, 478, 3558, 13], "temperature": 0.0, "avg_logprob": -0.8650947676764594, "compression_ratio": 0.5789473684210527, "no_speech_prob": 0.22549544274806976}], "language": "en"}