{"text": " Hey!", "segments": [{"id": 0, "seek": 0, "start": 0.0, "end": 0.5, "text": " Hey!", "tokens": [1911, 0], "temperature": 0.0, "avg_logprob": -0.5776578426361084, "compression_ratio": 0.3333333333333333, "no_speech_prob": 0.28141963481903076}], "language": "en"}