{"text": " Bye, bye.", "segments": [{"id": 0, "seek": 0, "start": 0.0, "end": 1.0, "text": " Bye, bye.", "tokens": [4621, 11, 6543, 13], "temperature": 0.0, "avg_logprob": -0.9729078837803432, "compression_ratio": 0.5294117647058824, "no_speech_prob": 0.3505157232284546}], "language": "en"}