{"text": " I'm gonna skate that again on YouTube.", "segments": [{"id": 0, "seek": 0, "start": 0.0, "end": 2.0, "text": " I'm gonna skate that again on YouTube.", "tokens": [286, 478, 799, 18237, 300, 797, 322, 3088, 13], "temperature": 0.0, "avg_logprob": -0.7344725131988525, "compression_ratio": 0.8260869565217391, "no_speech_prob": 0.3951529562473297}], "language": "en"}