{"text": " Okay, we still have a game.", "segments": [{"id": 0, "seek": 0, "start": 0.0, "end": 2.0, "text": " Okay, we still have a game.", "tokens": [1033, 11, 321, 920, 362, 257, 1216, 13], "temperature": 0.0, "avg_logprob": -0.9694369056008079, "compression_ratio": 0.7714285714285715, "no_speech_prob": 0.3571913242340088}], "language": "en"}