{"text": " \u041f Crown\u0443 \u0438\u0437 \u0424\u0435\u043d\u6751.", "segments": [{"id": 0, "seek": 0, "start": 0.0, "end": 7.0, "text": " \u041f Crown\u0443 \u0438\u0437 \u0424\u0435\u043d\u6751.", "tokens": [2608, 22375, 585, 3943, 13196, 1008, 39553, 13], "temperature": 1.0, "avg_logprob": -4.882763949307528, "compression_ratio": 0.7027027027027027, "no_speech_prob": 0.1470315009355545}], "language": "ru"}