{"text": " I'll be to close my...", "segments": [{"id": 0, "seek": 0, "start": 0.0, "end": 2.0, "text": " I'll be to close my...", "tokens": [286, 603, 312, 281, 1998, 452, 485], "temperature": 0.0, "avg_logprob": -0.805727767944336, "compression_ratio": 0.7333333333333333, "no_speech_prob": 0.36273300647735596}], "language": "en"}