{"text": " Folks Folks", "segments": [{"id": 0, "seek": 0, "start": 0.0, "end": 21.080000000000002, "text": " Folks", "tokens": [39275], "temperature": 1.0, "avg_logprob": -4.227922821044922, "compression_ratio": 0.38461538461538464, "no_speech_prob": 0.5244671702384949}], "language": "en"}