{"text": " we are on 29000 points Damn", "segments": [{"id": 0, "seek": 0, "start": 0.0, "end": 7.68, "text": " we are on 29000 points Damn", "tokens": [321, 366, 322, 9413, 1360, 2793, 11907], "temperature": 1.0, "avg_logprob": -4.263320541381836, "compression_ratio": 0.7714285714285715, "no_speech_prob": 0.5201987028121948}], "language": "en"}