{"text": " Yeah, fine.", "segments": [{"id": 0, "seek": 0, "start": 0.0, "end": 1.0, "text": " Yeah, fine.", "tokens": [865, 11, 2489, 13], "temperature": 0.0, "avg_logprob": -0.8381251607622419, "compression_ratio": 0.5789473684210527, "no_speech_prob": 0.354696124792099}], "language": "en"}