{"text": " Can you repeat that?", "segments": [{"id": 0, "seek": 0, "start": 0.0, "end": 2.0, "text": " Can you repeat that?", "tokens": [1664, 291, 7149, 300, 30], "temperature": 0.0, "avg_logprob": -0.664086639881134, "compression_ratio": 0.7142857142857143, "no_speech_prob": 0.3780059814453125}], "language": "en"}