{"text": " Even button it.", "segments": [{"id": 0, "seek": 0, "start": 0.0, "end": 1.0, "text": " Even button it.", "tokens": [2754, 2960, 309, 13], "temperature": 1.0, "avg_logprob": -3.7967987060546875, "compression_ratio": 0.6521739130434783, "no_speech_prob": 0.540852427482605}], "language": "en"}