{"text": " under the you under the you", "segments": [{"id": 0, "seek": 0, "start": 0.0, "end": 4.68, "text": " under the", "tokens": [833, 264], "temperature": 1.0, "avg_logprob": -4.056503772735596, "compression_ratio": 0.6190476190476191, "no_speech_prob": 0.26363900303840637}, {"id": 0, "seek": 0, "start": 4.68, "end": 11.48, "text": " you", "tokens": [291], "temperature": 1.0, "avg_logprob": -4.056503772735596, "compression_ratio": 0.6190476190476191, "no_speech_prob": 0.26363900303840637}], "language": "en"}