{"text": " Oh yeah, how can you repeat?", "segments": [{"id": 0, "seek": 0, "start": 0.0, "end": 2.0, "text": " Oh yeah, how can you repeat?", "tokens": [876, 1338, 11, 577, 393, 291, 7149, 30], "temperature": 0.0, "avg_logprob": -0.6106480685147372, "compression_ratio": 0.7777777777777778, "no_speech_prob": 0.2073349952697754}], "language": "en"}