{"text": " I don't know.", "segments": [{"id": 0, "seek": 0, "start": 0.0, "end": 1.0, "text": " I don't know.", "tokens": [286, 500, 380, 458, 13], "temperature": 0.0, "avg_logprob": -0.4681425988674164, "compression_ratio": 0.6190476190476191, "no_speech_prob": 0.2407408058643341}], "language": "en"}