{"text": " And it's calculated directly to 190, sure 320, 320, and we're going to buy this. So it's 32, by 10, 320. And it's calculated directly to 190, sure 320, 320, and we're going to buy this. So it's 32, by 10, 320.", "segments": [{"id": 0, "seek": 0, "start": 0.0, "end": 10.0, "text": " And it's calculated directly to 190, sure 320, 320, and we're going to buy this.", "tokens": [400, 309, 311, 15598, 3838, 281, 37609, 11, 988, 42429, 11, 42429, 11, 293, 321, 434, 516, 281, 2256, 341, 13], "temperature": 0.0, "avg_logprob": -0.8667755656772189, "compression_ratio": 1.1063829787234043, "no_speech_prob": 0.3154502511024475}, {"id": 0, "seek": 0, "start": 10.0, "end": 15.0, "text": " So it's 32, by 10, 320.", "tokens": [407, 309, 311, 8858, 11, 538, 1266, 11, 42429, 13], "temperature": 0.0, "avg_logprob": -0.8667755656772189, "compression_ratio": 1.1063829787234043, "no_speech_prob": 0.3154502511024475}], "language": "en"}