{"text": " 4, no, and you're in 3. Let's try one more time. How many pieces did she do in 3?", "segments": [{"id": 0, "seek": 0, "start": 0.0, "end": 8.0, "text": " 4, no, and you're in 3. Let's try one more time. How many pieces did she do in 3?", "tokens": [1017, 11, 572, 11, 293, 291, 434, 294, 805, 13, 961, 311, 853, 472, 544, 565, 13, 1012, 867, 3755, 630, 750, 360, 294, 805, 30], "temperature": 0.0, "avg_logprob": -0.6132427084034887, "compression_ratio": 1.0125, "no_speech_prob": 0.280695378780365}], "language": "en"}