{"text": " Yes, and can you repeat the question starting from work?", "segments": [{"id": 0, "seek": 0, "start": 0.0, "end": 4.8, "text": " Yes, and can you repeat the question starting from work?", "tokens": [1079, 11, 293, 393, 291, 7149, 264, 1168, 2891, 490, 589, 30], "temperature": 0.0, "avg_logprob": -0.5709407170613606, "compression_ratio": 0.8888888888888888, "no_speech_prob": 0.17710158228874207}], "language": "en"}