{"text": " Can you repeat just the last bit of the question? 11? Yes please. If she has only 2 meters and each meter is 5.5 students, then it's going to be 11. Can you repeat just the last bit of the question? 11? Yes please. If she has only 2 meters and each meter is 5.5 students, then it's going to be 11.", "segments": [{"id": 0, "seek": 0, "start": 0.0, "end": 2.8000000000000003, "text": " Can you repeat just the last bit of the question?", "tokens": [1664, 291, 7149, 445, 264, 1036, 857, 295, 264, 1168, 30], "temperature": 0.0, "avg_logprob": -0.567626436551412, "compression_ratio": 1.2231404958677685, "no_speech_prob": 0.1064053475856781}, {"id": 0, "seek": 0, "start": 2.8000000000000003, "end": 3.8000000000000003, "text": " 11?", "tokens": [2975, 30], "temperature": 0.0, "avg_logprob": -0.567626436551412, "compression_ratio": 1.2231404958677685, "no_speech_prob": 0.1064053475856781}, {"id": 0, "seek": 0, "start": 3.8000000000000003, "end": 4.8, "text": " Yes please.", "tokens": [1079, 1767, 13], "temperature": 0.0, "avg_logprob": -0.567626436551412, "compression_ratio": 1.2231404958677685, "no_speech_prob": 0.1064053475856781}, {"id": 0, "seek": 0, "start": 4.8, "end": 12.0, "text": " If she has only 2 meters and each meter is 5.5 students, then it's going to be 11.", "tokens": [759, 750, 575, 787, 568, 8146, 293, 1184, 9255, 307, 1025, 13, 20, 1731, 11, 550, 309, 311, 516, 281, 312, 2975, 13], "temperature": 0.0, "avg_logprob": -0.567626436551412, "compression_ratio": 1.2231404958677685, "no_speech_prob": 0.1064053475856781}], "language": "en"}