{"text": " Yes, 14 in the bathroom. Can you repeat the version? Yes, 14 in the bathroom. Can you repeat the version?", "segments": [{"id": 0, "seek": 0, "start": 0.0, "end": 3.0, "text": " Yes, 14 in the bathroom.", "tokens": [1079, 11, 3499, 294, 264, 8687, 13], "temperature": 0.0, "avg_logprob": -0.9442591137356229, "compression_ratio": 0.9122807017543859, "no_speech_prob": 0.38329145312309265}, {"id": 0, "seek": 0, "start": 3.0, "end": 4.0, "text": " Can you repeat the version?", "tokens": [1664, 291, 7149, 264, 3037, 30], "temperature": 0.0, "avg_logprob": -0.9442591137356229, "compression_ratio": 0.9122807017543859, "no_speech_prob": 0.38329145312309265}], "language": "en"}