{"text": " Yeah, I'm ready. I'm there's 40 students for the bus. Okay, do you repeat the question please?", "segments": [{"id": 0, "seek": 0, "start": 0.0, "end": 3.68, "text": " Yeah, I'm ready. I'm there's 40 students for the bus. Okay, do you repeat the question please?", "tokens": [865, 11, 286, 478, 1919, 13, 286, 478, 456, 311, 3356, 1731, 337, 264, 1255, 13, 1033, 11, 360, 291, 7149, 264, 1168, 1767, 30], "temperature": 0.0, "avg_logprob": -0.42560032435825895, "compression_ratio": 1.0561797752808988, "no_speech_prob": 0.04202999919652939}], "language": "en"}