{"text": " Yes, I'm not sure let's leave 11 students. Okay", "segments": [{"id": 0, "seek": 0, "start": 0.0, "end": 4.36, "text": " Yes, I'm not sure let's leave 11 students. Okay", "tokens": [1079, 11, 286, 478, 406, 988, 718, 311, 1856, 2975, 1731, 13, 1033], "temperature": 0.0, "avg_logprob": -0.44858041405677795, "compression_ratio": 0.8867924528301887, "no_speech_prob": 0.26820307970046997}], "language": "en"}