{"text": " Now to do shouldy. But once again, you go with it before you reach. Now to do shouldy. But once again, you go with it before you reach.", "segments": [{"id": 0, "seek": 0, "start": 0.0, "end": 2.06, "text": " Now to do shouldy.", "tokens": [823, 281, 360, 820, 88, 13], "temperature": 1.0, "avg_logprob": -4.113683285920517, "compression_ratio": 0.9436619718309859, "no_speech_prob": 0.3444471061229706}, {"id": 0, "seek": 0, "start": 2.06, "end": 8.56, "text": " But once again, you go with it before you reach.", "tokens": [583, 1564, 797, 11, 291, 352, 365, 309, 949, 291, 2524, 13], "temperature": 1.0, "avg_logprob": -4.113683285920517, "compression_ratio": 0.9436619718309859, "no_speech_prob": 0.3444471061229706}], "language": "en"}