{"text": " 320", "segments": [{"id": 0, "seek": 0, "start": 0.0, "end": 2.0, "text": " 320", "tokens": [42429], "temperature": 0.0, "avg_logprob": -0.6269952058792114, "compression_ratio": 0.2727272727272727, "no_speech_prob": 0.3878519535064697}], "language": "en"}