{"text": " I really don't know. You can try. I can't guarantee.", "segments": [{"id": 0, "seek": 0, "start": 0.0, "end": 2.52, "text": " I really don't know. You can try. I can't guarantee.", "tokens": [286, 534, 500, 380, 458, 13, 509, 393, 853, 13, 286, 393, 380, 10815, 13], "temperature": 0.0, "avg_logprob": -0.44153881072998047, "compression_ratio": 0.9285714285714286, "no_speech_prob": 0.3243604004383087}], "language": "en"}