{"text": " 40, can you repeat the question? 20, sir? Yes. 40, can you repeat the question? 20, sir? Yes.", "segments": [{"id": 0, "seek": 0, "start": 0.0, "end": 2.0, "text": " 40, can you repeat the question?", "tokens": [3356, 11, 393, 291, 7149, 264, 1168, 30], "temperature": 0.0, "avg_logprob": -0.4853673662458147, "compression_ratio": 0.8679245283018868, "no_speech_prob": 0.1361277848482132}, {"id": 0, "seek": 0, "start": 2.0, "end": 3.0, "text": " 20, sir?", "tokens": [945, 11, 4735, 30], "temperature": 0.0, "avg_logprob": -0.4853673662458147, "compression_ratio": 0.8679245283018868, "no_speech_prob": 0.1361277848482132}, {"id": 0, "seek": 0, "start": 3.0, "end": 4.0, "text": " Yes.", "tokens": [1079, 13], "temperature": 0.0, "avg_logprob": -0.4853673662458147, "compression_ratio": 0.8679245283018868, "no_speech_prob": 0.1361277848482132}], "language": "en"}