{"text": " This is too complicated. Yeah, okay. I don't know. Yes. This is too complicated. Yeah, okay. I don't know.", "segments": [{"id": 0, "seek": 0, "start": 0.0, "end": 2.0, "text": " This is too complicated.", "tokens": [639, 307, 886, 6179, 13], "temperature": 0.0, "avg_logprob": -0.5183350106944209, "compression_ratio": 0.9322033898305084, "no_speech_prob": 0.04842984303832054}, {"id": 0, "seek": 0, "start": 2.0, "end": 4.0, "text": " Yeah, okay. I don't know.", "tokens": [865, 11, 1392, 13, 286, 500, 380, 458, 13], "temperature": 0.0, "avg_logprob": -0.5183350106944209, "compression_ratio": 0.9322033898305084, "no_speech_prob": 0.04842984303832054}, {"id": 0, "seek": 0, "start": 4.0, "end": 4.0, "text": "", "tokens": [], "temperature": 0.0, "avg_logprob": -0.5183350106944209, "compression_ratio": 0.9322033898305084, "no_speech_prob": 0.04842984303832054, "words": []}], "language": "en"}