{"text": " Can you repeat the question? I don't know. Three. Yes please. Can you repeat the question? I don't know. Three. Yes please.", "segments": [{"id": 0, "seek": 0, "start": 0.0, "end": 2.0, "text": " Can you repeat the question?", "tokens": [1664, 291, 7149, 264, 1168, 30], "temperature": 0.0, "avg_logprob": -0.39956199645996093, "compression_ratio": 0.8840579710144928, "no_speech_prob": 0.1855396330356598}, {"id": 0, "seek": 0, "start": 2.0, "end": 3.0, "text": " I don't know.", "tokens": [286, 500, 380, 458, 13], "temperature": 0.0, "avg_logprob": -0.39956199645996093, "compression_ratio": 0.8840579710144928, "no_speech_prob": 0.1855396330356598}, {"id": 0, "seek": 0, "start": 3.0, "end": 4.0, "text": " Three.", "tokens": [6244, 13], "temperature": 0.0, "avg_logprob": -0.39956199645996093, "compression_ratio": 0.8840579710144928, "no_speech_prob": 0.1855396330356598}, {"id": 0, "seek": 0, "start": 4.0, "end": 5.0, "text": " Yes please.", "tokens": [1079, 1767, 13], "temperature": 0.0, "avg_logprob": -0.39956199645996093, "compression_ratio": 0.8840579710144928, "no_speech_prob": 0.1855396330356598}], "language": "en"}