{"text": " Yes, can you repeat please can you repeat please? I don't know the answer. I don't know the answer", "segments": [{"id": 0, "seek": 0, "start": 0.0, "end": 6.32, "text": " Yes, can you repeat please can you repeat please? I don't know the answer. I don't know the answer", "tokens": [1079, 11, 393, 291, 7149, 1767, 393, 291, 7149, 1767, 30, 286, 500, 380, 458, 264, 1867, 13, 286, 500, 380, 458, 264, 1867], "temperature": 0.0, "avg_logprob": -0.2711858396176939, "compression_ratio": 1.53125, "no_speech_prob": 0.19955109059810638}], "language": "en"}