{"text": " Yes, can you repeat please? 55? Can you repeat please?", "segments": [{"id": 0, "seek": 0, "start": 0.0, "end": 3.2800000000000002, "text": " Yes, can you repeat please? 55? Can you repeat please?", "tokens": [1079, 11, 393, 291, 7149, 1767, 30, 12330, 30, 1664, 291, 7149, 1767, 30], "temperature": 0.0, "avg_logprob": -0.49450891158160043, "compression_ratio": 1.255813953488372, "no_speech_prob": 0.21168509125709534}], "language": "en"}