{"text": " 320 but you said that Jackie didn't work on Thursday. Can you repeat please the question? 200 and 90 320 but you said that Jackie didn't work on Thursday. Can you repeat please the question? 200 and 90", "segments": [{"id": 0, "seek": 0, "start": 0.0, "end": 6.36, "text": " 320 but you said that Jackie didn't work on Thursday. Can you repeat please the question?", "tokens": [42429, 457, 291, 848, 300, 23402, 994, 380, 589, 322, 10383, 13, 1664, 291, 7149, 1767, 264, 1168, 30], "temperature": 0.0, "avg_logprob": -0.5327670485885055, "compression_ratio": 1.0526315789473684, "no_speech_prob": 0.09195251017808914}, {"id": 0, "seek": 0, "start": 6.36, "end": 8.36, "text": " 200 and 90", "tokens": [2331, 293, 4289], "temperature": 0.0, "avg_logprob": -0.5327670485885055, "compression_ratio": 1.0526315789473684, "no_speech_prob": 0.09195251017808914}], "language": "en"}