{"text": " Can you repeat please?", "segments": [{"id": 0, "seek": 0, "start": 0.0, "end": 2.92, "text": " Can you repeat please?", "tokens": [1664, 291, 7149, 1767, 30], "temperature": 0.0, "avg_logprob": -0.6779571175575256, "compression_ratio": 0.7333333333333333, "no_speech_prob": 0.1830286979675293}], "language": "en"}