{"text": " 4-3-4-3", "segments": [{"id": 0, "seek": 0, "start": 0.0, "end": 2.0, "text": " 4-3-4-3", "tokens": [1017, 12, 18, 12, 19, 12, 18], "temperature": 0.0, "avg_logprob": -0.8393387794494629, "compression_ratio": 0.4666666666666667, "no_speech_prob": 0.3179093599319458}], "language": "en"}