{"text": " In your feet, I'm not sure.", "segments": [{"id": 0, "seek": 0, "start": 0.0, "end": 2.0, "text": " In your feet, I'm not sure.", "tokens": [682, 428, 3521, 11, 286, 478, 406, 988, 13], "temperature": 0.2, "avg_logprob": -0.7000289758046468, "compression_ratio": 0.7714285714285715, "no_speech_prob": 0.26681238412857056}], "language": "en"}