{"text": " And your feet, you're under the thumb.", "segments": [{"id": 0, "seek": 0, "start": 0.0, "end": 2.0, "text": " And your feet, you're under the thumb.", "tokens": [400, 428, 3521, 11, 291, 434, 833, 264, 9298, 13], "temperature": 0.0, "avg_logprob": -0.9007360018216647, "compression_ratio": 0.9047619047619048, "no_speech_prob": 0.36120572686195374}], "language": "en"}