{"text": " Please repeat. Repeat 55 55. Please repeat. Repeat 55 55.", "segments": [{"id": 0, "seek": 0, "start": 0.0, "end": 1.0, "text": " Please repeat.", "tokens": [2555, 7149, 13], "temperature": 0.0, "avg_logprob": -0.6457927624384562, "compression_ratio": 0.9032258064516129, "no_speech_prob": 0.11768795549869537}, {"id": 0, "seek": 0, "start": 1.0, "end": 3.0, "text": " Repeat 55 55.", "tokens": [28523, 12330, 12330, 13], "temperature": 0.0, "avg_logprob": -0.6457927624384562, "compression_ratio": 0.9032258064516129, "no_speech_prob": 0.11768795549869537}], "language": "en"}