{"text": " Repeat, repeat 40.", "segments": [{"id": 0, "seek": 0, "start": 0.0, "end": 2.0, "text": " Repeat, repeat 40.", "tokens": [28523, 11, 7149, 3356, 13], "temperature": 0.0, "avg_logprob": -0.7471528649330139, "compression_ratio": 0.8181818181818182, "no_speech_prob": 0.13149897754192352}], "language": "en"}