{"text": " Yes, repeat. 320 euro.", "segments": [{"id": 0, "seek": 0, "start": 0.0, "end": 2.0, "text": " Yes, repeat. 320 euro.", "tokens": [1079, 11, 7149, 13, 42429, 14206, 13], "temperature": 0.0, "avg_logprob": -0.6335286140441895, "compression_ratio": 0.7333333333333333, "no_speech_prob": 0.06736340373754501}], "language": "en"}