{"text": " 7th on the house. Sorry, can you repeat that? No problem, my friend. 2. 7th on the house. Sorry, can you repeat that? No problem, my friend. 2.", "segments": [{"id": 0, "seek": 0, "start": 0.0, "end": 2.0, "text": " 7th on the house.", "tokens": [1614, 392, 322, 264, 1782, 13], "temperature": 0.0, "avg_logprob": -0.7000382105509441, "compression_ratio": 0.922077922077922, "no_speech_prob": 0.22566770017147064}, {"id": 0, "seek": 0, "start": 2.0, "end": 5.0, "text": " Sorry, can you repeat that?", "tokens": [4919, 11, 393, 291, 7149, 300, 30], "temperature": 0.0, "avg_logprob": -0.7000382105509441, "compression_ratio": 0.922077922077922, "no_speech_prob": 0.22566770017147064}, {"id": 0, "seek": 0, "start": 5.0, "end": 7.0, "text": " No problem, my friend.", "tokens": [883, 1154, 11, 452, 1277, 13], "temperature": 0.0, "avg_logprob": -0.7000382105509441, "compression_ratio": 0.922077922077922, "no_speech_prob": 0.22566770017147064}, {"id": 0, "seek": 0, "start": 7.0, "end": 8.0, "text": " 2.", "tokens": [568, 13], "temperature": 0.0, "avg_logprob": -0.7000382105509441, "compression_ratio": 0.922077922077922, "no_speech_prob": 0.22566770017147064}], "language": "en"}