{"text": " I don't know, skip the question, skip the question, skip the question, yeah, skip the question.", "segments": [{"id": 0, "seek": 0, "start": 0.0, "end": 3.56, "text": " I don't know, skip the question, skip the question, skip the question, yeah, skip the question.", "tokens": [286, 500, 380, 458, 11, 10023, 264, 1168, 11, 10023, 264, 1168, 11, 10023, 264, 1168, 11, 1338, 11, 10023, 264, 1168, 13], "temperature": 0.0, "avg_logprob": -0.4189570500300481, "compression_ratio": 1.9791666666666667, "no_speech_prob": 0.2587679922580719}], "language": "en"}