{"text": " Let's try. Will you repeat this? Yes, 44, 55.", "segments": [{"id": 0, "seek": 0, "start": 0.0, "end": 4.5, "text": " Let's try. Will you repeat this? Yes, 44, 55.", "tokens": [961, 311, 853, 13, 3099, 291, 7149, 341, 30, 1079, 11, 16408, 11, 12330, 13], "temperature": 0.0, "avg_logprob": -0.5451708369784884, "compression_ratio": 0.8490566037735849, "no_speech_prob": 0.24079976975917816}], "language": "en"}