{"text": " I am 320. Okay. Can you repeat again please? Yes. I am 320. Okay. Can you repeat again please? Yes.", "segments": [{"id": 0, "seek": 0, "start": 0.0, "end": 1.6400000000000001, "text": " I am 320.", "tokens": [286, 669, 805, 2009, 13], "temperature": 0.0, "avg_logprob": -0.7424201170603434, "compression_ratio": 0.8596491228070176, "no_speech_prob": 0.46032780408859253}, {"id": 0, "seek": 0, "start": 1.6400000000000001, "end": 2.3000000000000003, "text": " Okay.", "tokens": [1033, 13], "temperature": 0.0, "avg_logprob": -0.7424201170603434, "compression_ratio": 0.8596491228070176, "no_speech_prob": 0.46032780408859253}, {"id": 0, "seek": 0, "start": 2.3000000000000003, "end": 3.4, "text": " Can you repeat again please?", "tokens": [1664, 291, 7149, 797, 1767, 30], "temperature": 0.0, "avg_logprob": -0.7424201170603434, "compression_ratio": 0.8596491228070176, "no_speech_prob": 0.46032780408859253}, {"id": 0, "seek": 0, "start": 3.4, "end": 4.24, "text": " Yes.", "tokens": [1079, 13], "temperature": 0.0, "avg_logprob": -0.7424201170603434, "compression_ratio": 0.8596491228070176, "no_speech_prob": 0.46032780408859253}], "language": "en"}