{"text": "G", "segments": [{"id": 0, "seek": 0, "start": 0.0, "end": 4.26, "text": "G", "tokens": [38], "temperature": 1.0, "avg_logprob": -4.361115455627441, "compression_ratio": 0.1111111111111111, "no_speech_prob": 0.05853867530822754}], "language": "zh"}