{"text": " Can you ask me again? Can you help me with the question? Yes, the third. Can you help me to answer the question? Yes. Can you help me answer? Can you repeat your question again? He has three. No. I'm wrong. Can you ask me again? Can you help me with the question? Yes, the third. Can you help me to answer the question? Yes. Can you help me answer? Can you repeat your question again? He has three. No. I'm wrong.", "segments": [{"id": 0, "seek": 0, "start": 0.0, "end": 4.5600000000000005, "text": " Can you ask me again? Can you help me with the question?", "tokens": [1664, 291, 1029, 385, 797, 30, 1664, 291, 854, 385, 365, 264, 1168, 30], "temperature": 0.0, "avg_logprob": -0.4388113021850586, "compression_ratio": 1.6885245901639345, "no_speech_prob": 0.06695657968521118}, {"id": 0, "seek": 0, "start": 4.5600000000000005, "end": 7.84, "text": " Yes, the third. Can you help me to answer the question?", "tokens": [1079, 11, 264, 2636, 13, 1664, 291, 854, 385, 281, 1867, 264, 1168, 30], "temperature": 0.0, "avg_logprob": -0.4388113021850586, "compression_ratio": 1.6885245901639345, "no_speech_prob": 0.06695657968521118}, {"id": 0, "seek": 0, "start": 7.84, "end": 11.68, "text": " Yes. Can you help me answer? Can you repeat your question again?", "tokens": [1079, 13, 1664, 291, 854, 385, 1867, 30, 1664, 291, 7149, 428, 1168, 797, 30], "temperature": 0.0, "avg_logprob": -0.4388113021850586, "compression_ratio": 1.6885245901639345, "no_speech_prob": 0.06695657968521118}, {"id": 0, "seek": 0, "start": 11.68, "end": 15.92, "text": " He has three. No. I'm wrong.", "tokens": [634, 575, 1045, 13, 883, 13, 286, 478, 2085, 13], "temperature": 0.0, "avg_logprob": -0.4388113021850586, "compression_ratio": 1.6885245901639345, "no_speech_prob": 0.06695657968521118}], "language": "en"}