{"text": " Sunt plie de ni sustainul, s\u0103 ne trin cam peri, \u00eatrea in pele plat\u2026", "segments": [{"id": 0, "seek": 0, "start": 0.0, "end": 3.52, "text": " Sunt plie de ni sustainul, s\u0103 ne trin cam peri, \u00eatrea in pele plat\u2026", "tokens": [318, 2760, 499, 414, 368, 3867, 6769, 425, 11, 15446, 408, 504, 259, 1945, 680, 72, 11, 7418, 64, 294, 520, 306, 3403, 1260], "temperature": 1.0, "avg_logprob": -4.444218388310185, "compression_ratio": 0.922077922077922, "no_speech_prob": 0.38030192255973816}], "language": "ro"}