{"text": "320,300,300,300,300,300", "segments": [{"id": 0, "seek": 0, "start": 0.0, "end": 4.3, "text": "320,300,300,300,300,300", "tokens": [18, 2009, 11, 12566, 11, 12566, 11, 12566, 11, 12566, 11, 12566], "temperature": 0.0, "avg_logprob": -0.9756408055623372, "compression_ratio": 1.5333333333333334, "no_speech_prob": 0.3607805371284485}], "language": "zh"}