{"text": " You repeat the question, you repeat the question.", "segments": [{"id": 0, "seek": 0, "start": 0.0, "end": 2.0, "text": " You repeat the question, you repeat the question.", "tokens": [509, 7149, 264, 1168, 11, 291, 7149, 264, 1168, 13], "temperature": 0.0, "avg_logprob": -0.5870895752540002, "compression_ratio": 1.3243243243243243, "no_speech_prob": 0.20099887251853943}], "language": "en"}