{"text": " How many boys is that? What's on your seat? How many boys is that? What's on your seat?", "segments": [{"id": 0, "seek": 0, "start": 0.0, "end": 1.0, "text": " How many boys is that?", "tokens": [1012, 867, 6347, 307, 300, 30], "temperature": 0.0, "avg_logprob": -0.7486143673167509, "compression_ratio": 0.8958333333333334, "no_speech_prob": 0.21144849061965942}, {"id": 0, "seek": 0, "start": 1.0, "end": 2.0, "text": " What's on your seat?", "tokens": [708, 311, 322, 428, 6121, 30], "temperature": 0.0, "avg_logprob": -0.7486143673167509, "compression_ratio": 0.8958333333333334, "no_speech_prob": 0.21144849061965942}], "language": "en"}