{"text": " and you repeat how much solder was to have? Yes, 55 or 55. and you repeat how much solder was to have? Yes, 55 or 55.", "segments": [{"id": 0, "seek": 0, "start": 0.0, "end": 2.32, "text": " and you repeat how much solder was to have?", "tokens": [293, 291, 7149, 577, 709, 38128, 390, 281, 362, 30], "temperature": 0.0, "avg_logprob": -0.7794457390194848, "compression_ratio": 0.90625, "no_speech_prob": 0.2661868631839752}, {"id": 0, "seek": 0, "start": 2.32, "end": 3.92, "text": " Yes, 55 or 55.", "tokens": [1079, 11, 12330, 420, 12330, 13], "temperature": 0.0, "avg_logprob": -0.7794457390194848, "compression_ratio": 0.90625, "no_speech_prob": 0.2661868631839752}], "language": "en"}