{"text": " Hi, yes 330 euro the peace please 340 euro", "segments": [{"id": 0, "seek": 0, "start": 0.0, "end": 6.16, "text": " Hi, yes 330 euro the peace please 340 euro", "tokens": [2421, 11, 2086, 45374, 14206, 264, 4336, 1767, 805, 5254, 14206], "temperature": 0.0, "avg_logprob": -0.8739875384739467, "compression_ratio": 0.9545454545454546, "no_speech_prob": 0.2857680320739746}], "language": "en"}