{"text": " I am repeating. I am repeating. I am repeating. I am repeating. I am repeating. I am repeating. I am repeating. I am repeating.", "segments": [{"id": 0, "seek": 0, "start": 0.0, "end": 2.0, "text": " I am repeating.", "tokens": [286, 669, 18617, 13], "temperature": 0.0, "avg_logprob": -0.7002127838134765, "compression_ratio": 2.3333333333333335, "no_speech_prob": 0.18332037329673767}, {"id": 0, "seek": 0, "start": 2.0, "end": 4.0, "text": " I am repeating.", "tokens": [286, 669, 18617, 13], "temperature": 0.0, "avg_logprob": -0.7002127838134765, "compression_ratio": 2.3333333333333335, "no_speech_prob": 0.18332037329673767}, {"id": 0, "seek": 0, "start": 4.0, "end": 6.0, "text": " I am repeating.", "tokens": [286, 669, 18617, 13], "temperature": 0.0, "avg_logprob": -0.7002127838134765, "compression_ratio": 2.3333333333333335, "no_speech_prob": 0.18332037329673767}, {"id": 0, "seek": 0, "start": 6.0, "end": 8.0, "text": " I am repeating.", "tokens": [286, 669, 18617, 13], "temperature": 0.0, "avg_logprob": -0.7002127838134765, "compression_ratio": 2.3333333333333335, "no_speech_prob": 0.18332037329673767}], "language": "en"}