{"text": " 320 euro, okay? Can you repeat the question please? 320?", "segments": [{"id": 0, "seek": 0, "start": 0.0, "end": 5.36, "text": " 320 euro, okay? Can you repeat the question please? 320?", "tokens": [42429, 14206, 11, 1392, 30, 1664, 291, 7149, 264, 1168, 1767, 30, 42429, 30], "temperature": 0.0, "avg_logprob": -0.5740805794210995, "compression_ratio": 0.875, "no_speech_prob": 0.20165510475635529}], "language": "en"}