{"text": " 96 and you repeat the question and you repeat the question please 4106 40", "segments": [{"id": 0, "seek": 0, "start": 0.0, "end": 5.72, "text": " 96 and you repeat the question and you repeat the question please 4106 40", "tokens": [24124, 293, 291, 7149, 264, 1168, 293, 291, 7149, 264, 1168, 1767, 1017, 3279, 21, 3356], "temperature": 0.0, "avg_logprob": -0.5281517631129214, "compression_ratio": 1.3518518518518519, "no_speech_prob": 0.22675210237503052}], "language": "en"}