{"text": " Can you help with the answer for questions?", "segments": [{"id": 0, "seek": 0, "start": 0.0, "end": 4.64, "text": " Can you help with the answer for questions?", "tokens": [1664, 291, 854, 365, 264, 1867, 337, 1651, 30], "temperature": 0.0, "avg_logprob": -0.8436954816182455, "compression_ratio": 0.8431372549019608, "no_speech_prob": 0.08198123425245285}], "language": "en"}