{"text": " 120, okay, okay, okay, can you help? Can you help? Yes, please. 120, okay, okay, okay, can you help? Can you help? Yes, please.", "segments": [{"id": 0, "seek": 0, "start": 0.0, "end": 4.08, "text": " 120, okay, okay, okay, can you help?", "tokens": [10411, 11, 1392, 11, 1392, 11, 1392, 11, 393, 291, 854, 30], "temperature": 0.0, "avg_logprob": -0.9850167874936704, "compression_ratio": 1.3404255319148937, "no_speech_prob": 0.23076753318309784}, {"id": 0, "seek": 0, "start": 4.08, "end": 5.08, "text": " Can you help?", "tokens": [1664, 291, 854, 30], "temperature": 0.0, "avg_logprob": -0.9850167874936704, "compression_ratio": 1.3404255319148937, "no_speech_prob": 0.23076753318309784}, {"id": 0, "seek": 0, "start": 5.08, "end": 6.08, "text": " Yes, please.", "tokens": [1079, 11, 1767, 13], "temperature": 0.0, "avg_logprob": -0.9850167874936704, "compression_ratio": 1.3404255319148937, "no_speech_prob": 0.23076753318309784}], "language": "en"}