{"text": " I guess 320.", "segments": [{"id": 0, "seek": 0, "start": 0.0, "end": 1.4000000000000001, "text": " I guess 320.", "tokens": [286, 2041, 42429, 13], "temperature": 0.0, "avg_logprob": -0.7440064975193569, "compression_ratio": 0.6, "no_speech_prob": 0.20314528048038483}], "language": "en"}