{"text": " And repeat that should be three. Yeah. And repeat that should be three. Yeah.", "segments": [{"id": 0, "seek": 0, "start": 0.0, "end": 1.48, "text": " And repeat that should be three.", "tokens": [400, 7149, 300, 820, 312, 1045, 13], "temperature": 0.0, "avg_logprob": -0.777848311832973, "compression_ratio": 0.8837209302325582, "no_speech_prob": 0.2031165212392807}, {"id": 0, "seek": 0, "start": 1.48, "end": 2.32, "text": " Yeah.", "tokens": [865, 13], "temperature": 0.0, "avg_logprob": -0.777848311832973, "compression_ratio": 0.8837209302325582, "no_speech_prob": 0.2031165212392807}], "language": "en"}