{"text": " 40, I'd be repeated then. Yeah. 40, I'd be repeated then. Yeah.", "segments": [{"id": 0, "seek": 0, "start": 0.0, "end": 2.0, "text": " 40, I'd be repeated then.", "tokens": [3356, 11, 286, 1116, 312, 10477, 550, 13], "temperature": 0.0, "avg_logprob": -0.924781608581543, "compression_ratio": 0.7948717948717948, "no_speech_prob": 0.21546883881092072}, {"id": 0, "seek": 0, "start": 2.0, "end": 3.0, "text": " Yeah.", "tokens": [865, 13], "temperature": 0.0, "avg_logprob": -0.924781608581543, "compression_ratio": 0.7948717948717948, "no_speech_prob": 0.21546883881092072}], "language": "en"}