{"text": " Can you repeat that but slower please? 55? 50? Of course it is. Yes. Can you repeat that but slower please? 55? 50? Of course it is. Yes.", "segments": [{"id": 0, "seek": 0, "start": 0.0, "end": 2.82, "text": " Can you repeat that but slower please?", "tokens": [1664, 291, 7149, 300, 457, 14009, 1767, 30], "temperature": 0.0, "avg_logprob": -0.6955668926239014, "compression_ratio": 0.9315068493150684, "no_speech_prob": 0.23226767778396606}, {"id": 0, "seek": 0, "start": 2.82, "end": 4.98, "text": " 55? 50? Of course it is. Yes.", "tokens": [12330, 30, 2625, 30, 2720, 1164, 309, 307, 13, 1079, 13], "temperature": 0.0, "avg_logprob": -0.6955668926239014, "compression_ratio": 0.9315068493150684, "no_speech_prob": 0.23226767778396606}], "language": "en"}