{"text": " Please repeat, please repeat again, it's 320.", "segments": [{"id": 0, "seek": 0, "start": 0.0, "end": 3.4, "text": " Please repeat, please repeat again, it's 320.", "tokens": [2555, 7149, 11, 1767, 7149, 797, 11, 309, 311, 42429, 13], "temperature": 0.0, "avg_logprob": -0.7181861741202218, "compression_ratio": 1.0465116279069768, "no_speech_prob": 0.2082439512014389}], "language": "en"}