{"text": " Can you repeat the question for me? 10 Can you repeat the question for me? 10", "segments": [{"id": 0, "seek": 0, "start": 0.0, "end": 1.44, "text": " Can you repeat the question for me?", "tokens": [1664, 291, 7149, 264, 1168, 337, 385, 30], "temperature": 0.0, "avg_logprob": -0.4994288853236607, "compression_ratio": 0.8260869565217391, "no_speech_prob": 0.07738395035266876}, {"id": 0, "seek": 0, "start": 1.44, "end": 2.0, "text": " 10", "tokens": [1266], "temperature": 0.0, "avg_logprob": -0.4994288853236607, "compression_ratio": 0.8260869565217391, "no_speech_prob": 0.07738395035266876}], "language": "en"}