{"text": " 46? Please repeat the question for me. Do you repeat one more time for me? Yes, yes. 46? Please repeat the question for me. Do you repeat one more time for me? Yes, yes.", "segments": [{"id": 0, "seek": 0, "start": 0.0, "end": 2.0, "text": " 46?", "tokens": [17835, 30], "temperature": 0.0, "avg_logprob": -0.47134827029320503, "compression_ratio": 1.0769230769230769, "no_speech_prob": 0.3466127812862396}, {"id": 0, "seek": 0, "start": 2.0, "end": 4.0, "text": " Please repeat the question for me.", "tokens": [2555, 7149, 264, 1168, 337, 385, 13], "temperature": 0.0, "avg_logprob": -0.47134827029320503, "compression_ratio": 1.0769230769230769, "no_speech_prob": 0.3466127812862396}, {"id": 0, "seek": 0, "start": 4.0, "end": 6.0, "text": " Do you repeat one more time for me?", "tokens": [1144, 291, 7149, 472, 544, 565, 337, 385, 30], "temperature": 0.0, "avg_logprob": -0.47134827029320503, "compression_ratio": 1.0769230769230769, "no_speech_prob": 0.3466127812862396}, {"id": 0, "seek": 0, "start": 6.0, "end": 8.0, "text": " Yes, yes.", "tokens": [1079, 11, 2086, 13], "temperature": 0.0, "avg_logprob": -0.47134827029320503, "compression_ratio": 1.0769230769230769, "no_speech_prob": 0.3466127812862396}], "language": "en"}