{"text": " Can you repeat the question? I don't know. Yes. Can you repeat the question? I don't know. Yes.", "segments": [{"id": 0, "seek": 0, "start": 0.0, "end": 1.16, "text": " Can you repeat the question?", "tokens": [1664, 291, 7149, 264, 1168, 30], "temperature": 0.0, "avg_logprob": -0.43340721130371096, "compression_ratio": 0.8545454545454545, "no_speech_prob": 0.16845761239528656}, {"id": 0, "seek": 0, "start": 1.16, "end": 1.76, "text": " I don't know.", "tokens": [286, 500, 380, 458, 13], "temperature": 0.0, "avg_logprob": -0.43340721130371096, "compression_ratio": 0.8545454545454545, "no_speech_prob": 0.16845761239528656}, {"id": 0, "seek": 0, "start": 1.76, "end": 2.2600000000000002, "text": " Yes.", "tokens": [1079, 13], "temperature": 0.0, "avg_logprob": -0.43340721130371096, "compression_ratio": 0.8545454545454545, "no_speech_prob": 0.16845761239528656}], "language": "en"}