{"text": " my friend. I... even if you repeated that question, I don't think I will be able to work at house. I'll get you to repeat this, but I'll tell you now, I lost concentration halfway through. There's nothing to do with you. It is too difficult. It's too difficult. my friend. I... even if you repeated that question, I don't think I will be able to work at house. I'll get you to repeat this, but I'll tell you now, I lost concentration halfway through. There's nothing to do with you. It is too difficult. It's too difficult.", "segments": [{"id": 0, "seek": 0, "start": 0.0, "end": 5.92, "text": " my friend. I... even if you repeated that question, I don't think I will be able to work", "tokens": [452, 1277, 13, 286, 485, 754, 498, 291, 10477, 300, 1168, 11, 286, 500, 380, 519, 286, 486, 312, 1075, 281, 589], "temperature": 0.0, "avg_logprob": -0.29645347595214844, "compression_ratio": 1.5263157894736843, "no_speech_prob": 0.07164114713668823}, {"id": 0, "seek": 0, "start": 5.92, "end": 12.56, "text": " at house. I'll get you to repeat this, but I'll tell you now, I lost concentration", "tokens": [412, 1782, 13, 286, 603, 483, 291, 281, 7149, 341, 11, 457, 286, 603, 980, 291, 586, 11, 286, 2731, 9856], "temperature": 0.0, "avg_logprob": -0.29645347595214844, "compression_ratio": 1.5263157894736843, "no_speech_prob": 0.07164114713668823}, {"id": 0, "seek": 0, "start": 12.56, "end": 16.76, "text": " halfway through. There's nothing to do with you. It is too difficult. It's too difficult.", "tokens": [15461, 807, 13, 821, 311, 1825, 281, 360, 365, 291, 13, 467, 307, 886, 2252, 13, 467, 311, 886, 2252, 13], "temperature": 0.0, "avg_logprob": -0.29645347595214844, "compression_ratio": 1.5263157894736843, "no_speech_prob": 0.07164114713668823}], "language": "en"}