{"text": " I am in need 615, it's 730, no 620, sure, 45 minutes, 45 minutes.", "segments": [{"id": 0, "seek": 0, "start": 0.0, "end": 7.0, "text": " I am in need 615, it's 730, no 620, sure, 45 minutes, 45 minutes.", "tokens": [286, 669, 294, 643, 1386, 5211, 11, 309, 311, 1614, 3446, 11, 572, 1386, 2009, 11, 988, 11, 6905, 2077, 11, 6905, 2077, 13], "temperature": 0.0, "avg_logprob": -0.6506418298791956, "compression_ratio": 1.0655737704918034, "no_speech_prob": 0.1546027511358261}], "language": "en"}