{"text": " I'm not sure, you don't know any repeat, 46 yet.", "segments": [{"id": 0, "seek": 0, "start": 0.0, "end": 2.8000000000000003, "text": " I'm not sure, you don't know any repeat, 46 yet.", "tokens": [286, 478, 406, 988, 11, 291, 500, 380, 458, 604, 7149, 11, 17835, 1939, 13], "temperature": 0.0, "avg_logprob": -0.5549339188469781, "compression_ratio": 0.8571428571428571, "no_speech_prob": 0.08646800369024277}], "language": "en"}