{"text": " 330 euro. Yeah, 320 euro. 330 euro. Yeah, 320 euro.", "segments": [{"id": 0, "seek": 0, "start": 0.0, "end": 1.32, "text": " 330 euro.", "tokens": [45374, 14206, 13], "temperature": 0.0, "avg_logprob": -0.9624211237980769, "compression_ratio": 0.9259259259259259, "no_speech_prob": 0.2924043834209442}, {"id": 0, "seek": 0, "start": 1.32, "end": 3.16, "text": " Yeah, 320 euro.", "tokens": [865, 11, 42429, 14206, 13], "temperature": 0.0, "avg_logprob": -0.9624211237980769, "compression_ratio": 0.9259259259259259, "no_speech_prob": 0.2924043834209442}], "language": "en"}