{"text": " We can repeat a question or do you guys Bosset Paik?", "segments": [{"id": 0, "seek": 0, "start": 0.0, "end": 4.4, "text": " We can repeat a question or do you guys Bosset Paik?", "tokens": [492, 393, 7149, 257, 1168, 420, 360, 291, 1074, 15215, 302, 3426, 1035, 30], "temperature": 1.0, "avg_logprob": -3.4076903848087086, "compression_ratio": 0.8666666666666667, "no_speech_prob": 0.4278847575187683}], "language": "en"}