{"text": " Please repeat, please repeat, please repeat, please repeat.", "segments": [{"id": 0, "seek": 0, "start": 0.0, "end": 2.4, "text": " Please repeat, please repeat, please repeat, please repeat.", "tokens": [2555, 7149, 11, 1767, 7149, 11, 1767, 7149, 11, 1767, 7149, 13], "temperature": 0.0, "avg_logprob": -0.7199556986490886, "compression_ratio": 2.185185185185185, "no_speech_prob": 0.6026217341423035}], "language": "en"}