{"text": " 290. Can you repeat the question? 90.", "segments": [{"id": 0, "seek": 0, "start": 0.0, "end": 2.68, "text": " 290. Can you repeat the question? 90.", "tokens": [568, 7771, 13, 1664, 291, 7149, 264, 1168, 30, 4289, 13], "temperature": 0.0, "avg_logprob": -0.5808072090148926, "compression_ratio": 0.8409090909090909, "no_speech_prob": 0.20198476314544678}], "language": "en"}