{"text": " zero. Can you repeat the question, Pepper? No.", "segments": [{"id": 0, "seek": 0, "start": 0.0, "end": 2.0, "text": " zero. Can you repeat the question, Pepper? No.", "tokens": [4018, 13, 1664, 291, 7149, 264, 1168, 11, 30231, 30, 883, 13], "temperature": 0.0, "avg_logprob": -0.6666816075642904, "compression_ratio": 0.8518518518518519, "no_speech_prob": 0.12788565456867218}], "language": "en"}