{"text": " or a European question 20.", "segments": [{"id": 0, "seek": 0, "start": 0.0, "end": 2.0, "text": " or a European question 20.", "tokens": [420, 257, 6473, 1168, 945, 13], "temperature": 0.0, "avg_logprob": -0.6623060438368056, "compression_ratio": 0.7647058823529411, "no_speech_prob": 0.1835760921239853}], "language": "en"}