{"text": " Kunkey", "segments": [{"id": 0, "seek": 0, "start": 0.0, "end": 27.16, "text": " Kunkey", "tokens": [19089, 4119], "temperature": 1.0, "avg_logprob": -6.085762405395508, "compression_ratio": 0.42857142857142855, "no_speech_prob": 0.37230566143989563}], "language": "en"}