{"text": " 1144", "segments": [{"id": 0, "seek": 0, "start": 0.0, "end": 2.0, "text": " 1144", "tokens": [2975, 13912], "temperature": 0.0, "avg_logprob": -0.5041290760040283, "compression_ratio": 0.3333333333333333, "no_speech_prob": 0.27865374088287354}], "language": "en"}