{"text": " Prime this up, let's go ahead. 190 euro, nearly feet feet. 190 euro. Prime this up, let's go ahead. 190 euro, nearly feet feet. 190 euro.", "segments": [{"id": 0, "seek": 0, "start": 0.0, "end": 1.68, "text": " Prime this up, let's go ahead.", "tokens": [9655, 341, 493, 11, 718, 311, 352, 2286, 13], "temperature": 0.0, "avg_logprob": -0.7953701752882737, "compression_ratio": 1.0625, "no_speech_prob": 0.21765713393688202}, {"id": 0, "seek": 0, "start": 1.68, "end": 3.38, "text": " 190 euro, nearly feet feet.", "tokens": [37609, 14206, 11, 6217, 3521, 3521, 13], "temperature": 0.0, "avg_logprob": -0.7953701752882737, "compression_ratio": 1.0625, "no_speech_prob": 0.21765713393688202}, {"id": 0, "seek": 0, "start": 3.38, "end": 4.38, "text": " 190 euro.", "tokens": [37609, 14206, 13], "temperature": 0.0, "avg_logprob": -0.7953701752882737, "compression_ratio": 1.0625, "no_speech_prob": 0.21765713393688202}], "language": "en"}