{"text": " Any repeat? 40. Any repeat? 40.", "segments": [{"id": 0, "seek": 0, "start": 0.0, "end": 1.0, "text": " Any repeat?", "tokens": [2639, 7149, 30], "temperature": 0.0, "avg_logprob": -0.6945011615753174, "compression_ratio": 0.6521739130434783, "no_speech_prob": 0.19228804111480713}, {"id": 0, "seek": 0, "start": 1.0, "end": 2.0, "text": " 40.", "tokens": [3356, 13], "temperature": 0.0, "avg_logprob": -0.6945011615753174, "compression_ratio": 0.6521739130434783, "no_speech_prob": 0.19228804111480713}], "language": "en"}