{"text": " Can you help me?", "segments": [{"id": 0, "seek": 0, "start": 0.0, "end": 1.0, "text": " Can you help me?", "tokens": [1664, 291, 854, 385, 30], "temperature": 0.0, "avg_logprob": -0.6408632397651672, "compression_ratio": 0.6666666666666666, "no_speech_prob": 0.27111804485321045}], "language": "en"}