{"text": " I don't know. Can you repeat the question? Can you repeat 55 seconds?", "segments": [{"id": 0, "seek": 0, "start": 0.0, "end": 3.2800000000000002, "text": " I don't know. Can you repeat the question? Can you repeat 55 seconds?", "tokens": [286, 500, 380, 458, 13, 1664, 291, 7149, 264, 1168, 30, 1664, 291, 7149, 12330, 3949, 30], "temperature": 0.0, "avg_logprob": -0.4668570518493652, "compression_ratio": 1.0952380952380953, "no_speech_prob": 0.26250430941581726}], "language": "en"}