{"text": " The question is how many students in total are there for the band? When you repeat the question against me. When you repeat the question again, say 26. The question is how many students in total are there for the band? When you repeat the question against me. When you repeat the question again, say 26.", "segments": [{"id": 0, "seek": 0, "start": 0.0, "end": 3.8000000000000003, "text": " The question is how many students in total are there for the band?", "tokens": [440, 1168, 307, 577, 867, 1731, 294, 3217, 366, 456, 337, 264, 4116, 30], "temperature": 0.0, "avg_logprob": -0.46499966352413863, "compression_ratio": 1.438095238095238, "no_speech_prob": 0.05498507246375084}, {"id": 0, "seek": 0, "start": 3.8000000000000003, "end": 6.1000000000000005, "text": " When you repeat the question against me.", "tokens": [1133, 291, 7149, 264, 1168, 1970, 385, 13], "temperature": 0.0, "avg_logprob": -0.46499966352413863, "compression_ratio": 1.438095238095238, "no_speech_prob": 0.05498507246375084}, {"id": 0, "seek": 0, "start": 6.1000000000000005, "end": 8.3, "text": " When you repeat the question again, say 26.", "tokens": [1133, 291, 7149, 264, 1168, 797, 11, 584, 7551, 13], "temperature": 0.0, "avg_logprob": -0.46499966352413863, "compression_ratio": 1.438095238095238, "no_speech_prob": 0.05498507246375084}], "language": "en"}