{"text": " Can you repeat the question? 400 years. Can you repeat the question? 400 years.", "segments": [{"id": 0, "seek": 0, "start": 0.0, "end": 1.34, "text": " Can you repeat the question?", "tokens": [1664, 291, 7149, 264, 1168, 30], "temperature": 0.0, "avg_logprob": -0.7080764089311872, "compression_ratio": 0.8297872340425532, "no_speech_prob": 0.18510371446609497}, {"id": 0, "seek": 0, "start": 1.34, "end": 2.34, "text": " 400 years.", "tokens": [8423, 924, 13], "temperature": 0.0, "avg_logprob": -0.7080764089311872, "compression_ratio": 0.8297872340425532, "no_speech_prob": 0.18510371446609497}], "language": "en"}