{"text": " Bye.", "segments": [{"id": 0, "seek": 0, "start": 0.0, "end": 0.5, "text": " Bye.", "tokens": [4621, 13], "temperature": 0.0, "avg_logprob": -0.9696832656860351, "compression_ratio": 0.3333333333333333, "no_speech_prob": 0.42490634322166443}], "language": "en"}