{"text": " Can you repeat the questions slowly? The team is the answer 10, yeah? Can you repeat the questions slowly? The team is the answer 10, yeah?", "segments": [{"id": 0, "seek": 0, "start": 0.0, "end": 2.0, "text": " Can you repeat the questions slowly?", "tokens": [1664, 291, 7149, 264, 1651, 5692, 30], "temperature": 0.0, "avg_logprob": -0.566322508312407, "compression_ratio": 0.9452054794520548, "no_speech_prob": 0.05730976164340973}, {"id": 0, "seek": 0, "start": 2.0, "end": 4.0, "text": " The team is the answer 10, yeah?", "tokens": [440, 1469, 307, 264, 1867, 1266, 11, 1338, 30], "temperature": 0.0, "avg_logprob": -0.566322508312407, "compression_ratio": 0.9452054794520548, "no_speech_prob": 0.05730976164340973}], "language": "en"}