{"text": " Can you repeat the whole question please? How many are in the choir? Yeah, I dug in. How many people are in the choir? Can you repeat the whole question please? How many are in the choir? Yeah, I dug in. How many people are in the choir?", "segments": [{"id": 0, "seek": 0, "start": 0.0, "end": 3.0, "text": " Can you repeat the whole question please?", "tokens": [1664, 291, 7149, 264, 1379, 1168, 1767, 30], "temperature": 0.0, "avg_logprob": -0.4072851130836888, "compression_ratio": 1.2826086956521738, "no_speech_prob": 0.07656858116388321}, {"id": 0, "seek": 0, "start": 3.0, "end": 4.6000000000000005, "text": " How many are in the choir?", "tokens": [1012, 867, 366, 294, 264, 31244, 30], "temperature": 0.0, "avg_logprob": -0.4072851130836888, "compression_ratio": 1.2826086956521738, "no_speech_prob": 0.07656858116388321}, {"id": 0, "seek": 0, "start": 4.6000000000000005, "end": 5.4, "text": " Yeah, I dug in.", "tokens": [865, 11, 286, 22954, 294, 13], "temperature": 0.0, "avg_logprob": -0.4072851130836888, "compression_ratio": 1.2826086956521738, "no_speech_prob": 0.07656858116388321}, {"id": 0, "seek": 0, "start": 5.4, "end": 7.4, "text": " How many people are in the choir?", "tokens": [1012, 867, 561, 366, 294, 264, 31244, 30], "temperature": 0.0, "avg_logprob": -0.4072851130836888, "compression_ratio": 1.2826086956521738, "no_speech_prob": 0.07656858116388321}], "language": "en"}