{"text": " That's a lot to ask. Did you repeat it slowly? Did you explain? That's a lot to ask. Did you repeat it slowly? Did you explain?", "segments": [{"id": 0, "seek": 0, "start": 0.0, "end": 2.0, "text": " That's a lot to ask.", "tokens": [663, 311, 257, 688, 281, 1029, 13], "temperature": 0.0, "avg_logprob": -0.4820047616958618, "compression_ratio": 0.984375, "no_speech_prob": 0.10074390470981598}, {"id": 0, "seek": 0, "start": 2.0, "end": 3.2, "text": " Did you repeat it slowly?", "tokens": [2589, 291, 7149, 309, 5692, 30], "temperature": 0.0, "avg_logprob": -0.4820047616958618, "compression_ratio": 0.984375, "no_speech_prob": 0.10074390470981598}, {"id": 0, "seek": 0, "start": 3.2, "end": 4.7, "text": " Did you explain?", "tokens": [2589, 291, 2903, 30], "temperature": 0.0, "avg_logprob": -0.4820047616958618, "compression_ratio": 0.984375, "no_speech_prob": 0.10074390470981598}], "language": "en"}