{"text": " Repeat 320, 350, 350. Yes. Repeat 320, 350, 350. Yes.", "segments": [{"id": 0, "seek": 0, "start": 0.0, "end": 4.0, "text": " Repeat 320, 350, 350.", "tokens": [28523, 805, 2009, 11, 18065, 11, 18065, 13], "temperature": 0.0, "avg_logprob": -0.7679675420125326, "compression_ratio": 0.896551724137931, "no_speech_prob": 0.2919490337371826}, {"id": 0, "seek": 0, "start": 4.0, "end": 5.0, "text": " Yes.", "tokens": [1079, 13], "temperature": 0.0, "avg_logprob": -0.7679675420125326, "compression_ratio": 0.896551724137931, "no_speech_prob": 0.2919490337371826}], "language": "en"}