{"text": " 60-bit 20-bit", "segments": [{"id": 0, "seek": 0, "start": 0.0, "end": 2.0, "text": " 60-bit 20-bit", "tokens": [4060, 12, 5260, 945, 12, 5260], "temperature": 0.4, "avg_logprob": -0.9420220057169596, "compression_ratio": 0.7647058823529411, "no_speech_prob": 0.1050172820687294}], "language": "en"}