{"text": " Repeat, 5.45", "segments": [{"id": 0, "seek": 0, "start": 0.0, "end": 2.0, "text": " Repeat, 5.45", "tokens": [28523, 11, 1025, 13, 8465], "temperature": 0.0, "avg_logprob": -0.7874246835708618, "compression_ratio": 0.6, "no_speech_prob": 0.19605737924575806}], "language": "en"}