{"text": " Yeah, 300, okay?", "segments": [{"id": 0, "seek": 0, "start": 0.0, "end": 2.24, "text": " Yeah, 300, okay?", "tokens": [865, 11, 6641, 11, 1392, 30], "temperature": 0.0, "avg_logprob": -0.8705886734856499, "compression_ratio": 0.6666666666666666, "no_speech_prob": 0.08338194340467453}], "language": "en"}