{"text": " 10 and 10 pieces 8 pieces 10 and 10 pieces 8 pieces", "segments": [{"id": 0, "seek": 0, "start": 0.0, "end": 2.0, "text": " 10", "tokens": [1266], "temperature": 0.6, "avg_logprob": -0.9021299068744366, "compression_ratio": 0.9259259259259259, "no_speech_prob": 0.20022284984588623}, {"id": 0, "seek": 0, "start": 2.0, "end": 4.0, "text": " and 10 pieces", "tokens": [293, 1266, 3755], "temperature": 0.6, "avg_logprob": -0.9021299068744366, "compression_ratio": 0.9259259259259259, "no_speech_prob": 0.20022284984588623}, {"id": 0, "seek": 0, "start": 4.0, "end": 6.0, "text": " 8 pieces", "tokens": [1649, 3755], "temperature": 0.6, "avg_logprob": -0.9021299068744366, "compression_ratio": 0.9259259259259259, "no_speech_prob": 0.20022284984588623}], "language": "en"}