{"text": " ok 16, 14", "segments": [{"id": 0, "seek": 0, "start": 0.0, "end": 2.0, "text": " ok 16, 14", "tokens": [3133, 3165, 11, 3499], "temperature": 0.0, "avg_logprob": -0.7314050538199288, "compression_ratio": 0.5294117647058824, "no_speech_prob": 0.12467125058174133}], "language": "hi"}