{"text": " Ok, ya... 50!", "segments": [{"id": 0, "seek": 0, "start": 0.0, "end": 2.0, "text": " Ok, ya... 50!", "tokens": [3477, 11, 2478, 485, 2625, 0], "temperature": 0.0, "avg_logprob": -0.8401409784952799, "compression_ratio": 0.6190476190476191, "no_speech_prob": 0.13114652037620544}], "language": "es"}