{"text": " Okay, yes, but I thought you said she had Thursday off. Why did she work three hours on Thursday? She know get paid for the hours on Thursday. So if she work 10 hours a Monday, that's 100 euro, paid out 7 hours and Tuesday, that's 70 euro. Okay, yes, but I thought you said she had Thursday off. Why did she work three hours on Thursday? She know get paid for the hours on Thursday. So if she work 10 hours a Monday, that's 100 euro, paid out 7 hours and Tuesday, that's 70 euro. Okay, that was Wednesday, that is 80 euro in total, that is 260 euro. Sorry, 200, I was like, what's my 70? My 70, my 70, my 70. Oh god, I lost myself. How many hours did she work? Wow, do you? Okay, do you want... Okay, that was Wednesday, that is 80 euro in total, that is 260 euro. Sorry, 200, I was like, what's my 70? My 70, my 70, my 70. Oh god, I lost myself. How many hours did she work? Wow, do you? Okay, do you want...", "segments": [{"id": 0, "seek": 0, "start": 0.0, "end": 7.42, "text": " Okay, yes, but I thought you said she had Thursday off. Why did she work three hours on Thursday?", "tokens": [1033, 11, 2086, 11, 457, 286, 1194, 291, 848, 750, 632, 10383, 766, 13, 1545, 630, 750, 589, 1045, 2496, 322, 10383, 30], "temperature": 0.0, "avg_logprob": -0.40659853237778393, "compression_ratio": 1.5933333333333333, "no_speech_prob": 0.2979702651500702}, {"id": 0, "seek": 0, "start": 7.42, "end": 13.92, "text": " She know get paid for the hours on Thursday. So if she work 10 hours a Monday, that's 100 euro,", "tokens": [1240, 458, 483, 4835, 337, 264, 2496, 322, 10383, 13, 407, 498, 750, 589, 1266, 2496, 257, 8138, 11, 300, 311, 2319, 14206, 11], "temperature": 0.0, "avg_logprob": -0.40659853237778393, "compression_ratio": 1.5933333333333333, "no_speech_prob": 0.2979702651500702}, {"id": 0, "seek": 0, "start": 13.92, "end": 17.92, "text": " paid out 7 hours and Tuesday, that's 70 euro.", "tokens": [4835, 484, 1614, 2496, 293, 10017, 11, 300, 311, 5285, 14206, 13], "temperature": 0.0, "avg_logprob": -0.40659853237778393, "compression_ratio": 1.5933333333333333, "no_speech_prob": 0.2979702651500702}, {"id": 3, "seek": 1792, "start": 17.92, "end": 26.300000000000004, "text": " Okay, that was Wednesday, that is 80 euro in total, that is 260 euro.", "tokens": [1033, 11, 300, 390, 10579, 11, 300, 307, 4688, 14206, 294, 3217, 11, 300, 307, 44624, 14206, 13], "temperature": 0.0, "avg_logprob": -0.7857894420623779, "compression_ratio": 1.4172185430463575, "no_speech_prob": 0.1464536339044571}, {"id": 3, "seek": 1792, "start": 26.300000000000004, "end": 31.28, "text": " Sorry, 200, I was like, what's my 70?", "tokens": [4919, 11, 2331, 11, 286, 390, 411, 11, 437, 311, 452, 5285, 30], "temperature": 0.0, "avg_logprob": -0.7857894420623779, "compression_ratio": 1.4172185430463575, "no_speech_prob": 0.1464536339044571}, {"id": 3, "seek": 1792, "start": 31.28, "end": 34.64, "text": " My 70, my 70, my 70.", "tokens": [1222, 5285, 11, 452, 5285, 11, 452, 5285, 13], "temperature": 0.0, "avg_logprob": -0.7857894420623779, "compression_ratio": 1.4172185430463575, "no_speech_prob": 0.1464536339044571}, {"id": 3, "seek": 1792, "start": 34.64, "end": 36.64, "text": " Oh god, I lost myself.", "tokens": [876, 3044, 11, 286, 2731, 2059, 13], "temperature": 0.0, "avg_logprob": -0.7857894420623779, "compression_ratio": 1.4172185430463575, "no_speech_prob": 0.1464536339044571}, {"id": 3, "seek": 1792, "start": 36.64, "end": 40.040000000000006, "text": " How many hours did she work?", "tokens": [1012, 867, 2496, 630, 750, 589, 30], "temperature": 0.0, "avg_logprob": -0.7857894420623779, "compression_ratio": 1.4172185430463575, "no_speech_prob": 0.1464536339044571}, {"id": 3, "seek": 1792, "start": 40.040000000000006, "end": 41.040000000000006, "text": " Wow, do you?", "tokens": [3153, 11, 360, 291, 30], "temperature": 0.0, "avg_logprob": -0.7857894420623779, "compression_ratio": 1.4172185430463575, "no_speech_prob": 0.1464536339044571}, {"id": 3, "seek": 1792, "start": 41.040000000000006, "end": 42.24, "text": " Okay, do you want...", "tokens": [1033, 11, 360, 291, 528, 485], "temperature": 0.0, "avg_logprob": -0.7857894420623779, "compression_ratio": 1.4172185430463575, "no_speech_prob": 0.1464536339044571}], "language": "en"}