{"text": " Ask the question again please. I'm here. Please try yes 55 when you repeat the task, please", "segments": [{"id": 0, "seek": 0, "start": 0.0, "end": 6.08, "text": " Ask the question again please. I'm here. Please try yes 55 when you repeat the task, please", "tokens": [12320, 264, 1168, 797, 1767, 13, 286, 478, 510, 13, 2555, 853, 2086, 12330, 562, 291, 7149, 264, 5633, 11, 1767], "temperature": 0.0, "avg_logprob": -0.3521784543991089, "compression_ratio": 1.0705882352941176, "no_speech_prob": 0.03420647233724594}], "language": "en"}