{"text": " Det \u00e4r ju ingen. Se att jag gillar stolen. Hej, hej\u00b4! Det \u00e4r ju ingen. Se att jag gillar stolen. Hej, hej\u00b4!", "segments": [{"id": 0, "seek": 0, "start": 0.0, "end": 1.26, "text": " Det \u00e4r ju ingen.", "tokens": [4237, 3775, 3649, 21600, 13], "temperature": 1.0, "avg_logprob": -2.8022088623046875, "compression_ratio": 0.9016393442622951, "no_speech_prob": 0.07613852620124817}, {"id": 0, "seek": 0, "start": 1.5, "end": 2.86, "text": " Se att jag gillar stolen.", "tokens": [1100, 951, 6368, 290, 30635, 15900, 13], "temperature": 1.0, "avg_logprob": -2.8022088623046875, "compression_ratio": 0.9016393442622951, "no_speech_prob": 0.07613852620124817}, {"id": 0, "seek": 0, "start": 2.86, "end": 3.5, "text": " Hej, hej\u00b4!", "tokens": [44567, 11, 415, 73, 6945, 0], "temperature": 1.0, "avg_logprob": -2.8022088623046875, "compression_ratio": 0.9016393442622951, "no_speech_prob": 0.07613852620124817}], "language": "sv"}