{"text": " Oh yeah, uh, 30th of a 9th is too difficult.", "segments": [{"id": 0, "seek": 0, "start": 0.0, "end": 4.24, "text": " Oh yeah, uh, 30th of a 9th is too difficult.", "tokens": [876, 1338, 11, 2232, 11, 2217, 392, 295, 257, 1722, 392, 307, 886, 2252, 13], "temperature": 0.0, "avg_logprob": -0.8385657734341092, "compression_ratio": 0.8979591836734694, "no_speech_prob": 0.16334734857082367}], "language": "en"}