{"text": " 20, yeah, yeah, yeah, yeah, yeah, yeah, yeah. 300 out of 20. 20, yeah, yeah, yeah, yeah, yeah, yeah, yeah. 300 out of 20.", "segments": [{"id": 0, "seek": 0, "start": 0.0, "end": 2.0, "text": " 20, yeah, yeah, yeah, yeah, yeah, yeah, yeah.", "tokens": [945, 11, 1338, 11, 1338, 11, 1338, 11, 1338, 11, 1338, 11, 1338, 11, 1338, 13], "temperature": 0.2, "avg_logprob": -0.8344614322368915, "compression_ratio": 1.7647058823529411, "no_speech_prob": 0.2820194363594055}, {"id": 0, "seek": 0, "start": 2.0, "end": 3.58, "text": " 300 out of 20.", "tokens": [6641, 484, 295, 945, 13], "temperature": 0.2, "avg_logprob": -0.8344614322368915, "compression_ratio": 1.7647058823529411, "no_speech_prob": 0.2820194363594055}], "language": "en"}