{"text": ".", "segments": [{"id": 0, "seek": 0, "start": 0.0, "end": 22.3, "text": ".", "tokens": [2411], "temperature": 1.0, "avg_logprob": -3.319195508956909, "compression_ratio": 0.1111111111111111, "no_speech_prob": 0.5729777812957764}], "language": "en"}