{"text": " to repeat the question 36 Is it 16? 40? 40? 40? to repeat the question 36 Is it 16? 40? 40? 40?", "segments": [{"id": 0, "seek": 0, "start": 0.0, "end": 2.0, "text": " to repeat the question 36", "tokens": [281, 7149, 264, 1168, 8652], "temperature": 0.0, "avg_logprob": -0.847709846496582, "compression_ratio": 1.0, "no_speech_prob": 0.3375689685344696}, {"id": 0, "seek": 0, "start": 2.0, "end": 5.5, "text": " Is it 16? 40? 40? 40?", "tokens": [1119, 309, 3165, 30, 3356, 30, 3356, 30, 3356, 30], "temperature": 0.0, "avg_logprob": -0.847709846496582, "compression_ratio": 1.0, "no_speech_prob": 0.3375689685344696}], "language": "en"}