{"text": " Okay. No, okay, okay. Okay. No, okay, okay.", "segments": [{"id": 0, "seek": 0, "start": 0.0, "end": 1.0, "text": " Okay.", "tokens": [1033, 13], "temperature": 0.0, "avg_logprob": -0.7262150691105769, "compression_ratio": 0.9130434782608695, "no_speech_prob": 0.602607250213623}, {"id": 0, "seek": 0, "start": 1.0, "end": 2.0, "text": " No, okay, okay.", "tokens": [883, 11, 1392, 11, 1392, 13], "temperature": 0.0, "avg_logprob": -0.7262150691105769, "compression_ratio": 0.9130434782608695, "no_speech_prob": 0.602607250213623}], "language": "en"}