{"text": " Okay, I'm ready to do that. Yeah, I'm just not. Okay, I'm ready to... Okay, I'm ready to do that. Yeah, I'm just not. Okay, I'm ready to...", "segments": [{"id": 0, "seek": 0, "start": 0.0, "end": 2.0, "text": " Okay, I'm ready to do that.", "tokens": [1033, 11, 286, 478, 1919, 281, 360, 300, 13], "temperature": 0.0, "avg_logprob": -0.8887230555216471, "compression_ratio": 1.2105263157894737, "no_speech_prob": 0.5822234749794006}, {"id": 0, "seek": 0, "start": 2.0, "end": 4.0, "text": " Yeah, I'm just not.", "tokens": [865, 11, 286, 478, 445, 406, 13], "temperature": 0.0, "avg_logprob": -0.8887230555216471, "compression_ratio": 1.2105263157894737, "no_speech_prob": 0.5822234749794006}, {"id": 0, "seek": 0, "start": 4.0, "end": 6.0, "text": " Okay, I'm ready to...", "tokens": [1033, 11, 286, 478, 1919, 281, 485], "temperature": 0.0, "avg_logprob": -0.8887230555216471, "compression_ratio": 1.2105263157894737, "no_speech_prob": 0.5822234749794006}], "language": "en"}