{"text": " 196, so let me try again, and see 16.", "segments": [{"id": 0, "seek": 0, "start": 0.0, "end": 3.34, "text": " 196, so let me try again, and see 16.", "tokens": [1294, 21, 11, 370, 718, 385, 853, 797, 11, 293, 536, 3165, 13], "temperature": 0.0, "avg_logprob": -0.8795444965362549, "compression_ratio": 0.8222222222222222, "no_speech_prob": 0.15034572780132294}], "language": "en"}