{"text": " But you had to host this.", "segments": [{"id": 0, "seek": 0, "start": 0.0, "end": 1.0, "text": " But you had to host this.", "tokens": [583, 291, 632, 281, 3975, 341, 13], "temperature": 0.0, "avg_logprob": -0.7540976524353027, "compression_ratio": 0.7575757575757576, "no_speech_prob": 0.3853370249271393}], "language": "en"}