{"text": " and move to the next wash and move to the next wash as Linda has nine pieces", "segments": [{"id": 0, "seek": 0, "start": 0.0, "end": 6.24, "text": " and move to the next wash and move to the next wash as Linda has nine pieces", "tokens": [293, 1286, 281, 264, 958, 5675, 293, 1286, 281, 264, 958, 5675, 382, 20324, 575, 4949, 3755], "temperature": 0.0, "avg_logprob": -0.5674304008483887, "compression_ratio": 1.2881355932203389, "no_speech_prob": 0.5704900622367859}], "language": "en"}