{"text": " Yes, 55.", "segments": [{"id": 0, "seek": 0, "start": 0.0, "end": 2.0, "text": " Yes, 55.", "tokens": [1079, 11, 12330, 13], "temperature": 0.0, "avg_logprob": -0.8844203267778669, "compression_ratio": 0.5, "no_speech_prob": 0.44488266110420227}], "language": "en"}