{"text": " SPEAKER Muetzlan", "segments": [{"id": 0, "seek": 0, "start": 0.0, "end": 14.96, "text": " SPEAKER Muetzlan", "tokens": [12081, 15601, 10074, 8658], "temperature": 1.0, "avg_logprob": -5.912400381905692, "compression_ratio": 0.6666666666666666, "no_speech_prob": 0.5054358243942261}], "language": "en"}