{"text": " parseweh6 can it have been the other year 9 hugging parseweh6 can it have been the other year 9 hugging", "segments": [{"id": 0, "seek": 0, "start": 0.0, "end": 1.98, "text": " parseweh6", "tokens": [48377, 826, 71, 21], "temperature": 1.0, "avg_logprob": -3.8993770599365236, "compression_ratio": 0.8947368421052632, "no_speech_prob": 0.3212825655937195}, {"id": 0, "seek": 0, "start": 2.96, "end": 5.12, "text": " can it have been the other year 9", "tokens": [393, 309, 362, 668, 264, 661, 1064, 1722], "temperature": 1.0, "avg_logprob": -3.8993770599365236, "compression_ratio": 0.8947368421052632, "no_speech_prob": 0.3212825655937195}, {"id": 0, "seek": 0, "start": 5.66, "end": 10.82, "text": " hugging", "tokens": [41706], "temperature": 1.0, "avg_logprob": -3.8993770599365236, "compression_ratio": 0.8947368421052632, "no_speech_prob": 0.3212825655937195}], "language": "en"}