{"text": " Yes, yes.", "segments": [{"id": 0, "seek": 0, "start": 0.0, "end": 2.0, "text": " Yes, yes.", "tokens": [1079, 11, 2086, 13], "temperature": 0.0, "avg_logprob": -0.8504266057695661, "compression_ratio": 0.5294117647058824, "no_speech_prob": 0.36893126368522644}], "language": "en"}