{"text": " If you answer the question, you answer the question. 11.5 If you answer the question, you answer the question. 11.5", "segments": [{"id": 0, "seek": 0, "start": 0.0, "end": 3.0, "text": " If you answer the question, you answer the question.", "tokens": [759, 291, 1867, 264, 1168, 11, 291, 1867, 264, 1168, 13], "temperature": 0.0, "avg_logprob": -0.6347071497063888, "compression_ratio": 1.3255813953488371, "no_speech_prob": 0.3618672788143158}, {"id": 0, "seek": 0, "start": 3.0, "end": 5.0, "text": " 11.5", "tokens": [2975, 13, 20], "temperature": 0.0, "avg_logprob": -0.6347071497063888, "compression_ratio": 1.3255813953488371, "no_speech_prob": 0.3618672788143158}], "language": "en"}