{"text": " Okay, yes. Okay. Yes. Okay, yes. Okay. Yes.", "segments": [{"id": 0, "seek": 0, "start": 0.0, "end": 2.0, "text": " Okay, yes.", "tokens": [1033, 11, 2086, 13], "temperature": 0.0, "avg_logprob": -0.6716410954793294, "compression_ratio": 0.8076923076923077, "no_speech_prob": 0.39857837557792664}, {"id": 0, "seek": 0, "start": 2.0, "end": 4.0, "text": " Okay.", "tokens": [1033, 13], "temperature": 0.0, "avg_logprob": -0.6716410954793294, "compression_ratio": 0.8076923076923077, "no_speech_prob": 0.39857837557792664}, {"id": 0, "seek": 0, "start": 4.0, "end": 5.0, "text": " Yes.", "tokens": [1079, 13], "temperature": 0.0, "avg_logprob": -0.6716410954793294, "compression_ratio": 0.8076923076923077, "no_speech_prob": 0.39857837557792664}], "language": "en"}