{"text": " He doesn't work on surf, he's working three hours.", "segments": [{"id": 0, "seek": 0, "start": 0.0, "end": 6.0, "text": " He doesn't work on surf, he's working three hours.", "tokens": [634, 1177, 380, 589, 322, 9684, 11, 415, 311, 1364, 1045, 2496, 13], "temperature": 0.0, "avg_logprob": -0.7260389924049377, "compression_ratio": 0.9090909090909091, "no_speech_prob": 0.11056816577911377}], "language": "en"}