{"text": " Ah, yeah, fin- And fifty five- Waaaaaaah!! Ah, yeah, fin- And fifty five- Waaaaaaah!!", "segments": [{"id": 0, "seek": 0, "start": 0.0, "end": 2.62, "text": " Ah, yeah, fin- And fifty five-", "tokens": [2438, 11, 1338, 11, 962, 12, 400, 13442, 1732, 12], "temperature": 1.0, "avg_logprob": -2.7824981689453123, "compression_ratio": 1.024390243902439, "no_speech_prob": 0.17145465314388275}, {"id": 0, "seek": 0, "start": 2.62, "end": 4.1, "text": " Waaaaaaah!!", "tokens": [15405, 16425, 64, 545, 1432], "temperature": 1.0, "avg_logprob": -2.7824981689453123, "compression_ratio": 1.024390243902439, "no_speech_prob": 0.17145465314388275}], "language": "en"}