{"text": " okay why are we still that rogue?", "segments": [{"id": 0, "seek": 0, "start": 0.0, "end": 23.52, "text": " okay why are we still that rogue?", "tokens": [1392, 983, 366, 321, 920, 300, 39100, 30], "temperature": 1.0, "avg_logprob": -3.8335623307661577, "compression_ratio": 0.8048780487804879, "no_speech_prob": 0.2670300006866455}], "language": "en"}