{"text": " You have no 320 320", "segments": [{"id": 0, "seek": 0, "start": 0.0, "end": 3.12, "text": " You have no 320 320", "tokens": [509, 362, 572, 42429, 42429], "temperature": 0.0, "avg_logprob": -0.8287436366081238, "compression_ratio": 0.7916666666666666, "no_speech_prob": 0.5763755440711975}], "language": "en"}