{"text": " Okay, you start. Yes, I", "segments": [{"id": 0, "seek": 0, "start": 0.0, "end": 2.0, "text": " Okay, you start. Yes, I", "tokens": [1033, 11, 291, 722, 13, 1079, 11, 286], "temperature": 0.0, "avg_logprob": -0.5752621563998136, "compression_ratio": 0.7419354838709677, "no_speech_prob": 0.2875646948814392}], "language": "en"}