{"text": " Yes, it's clear what you said yes 50 50 50 Yes, it's clear what you said yes 50 50 50", "segments": [{"id": 0, "seek": 0, "start": 0.0, "end": 4.24, "text": " Yes, it's clear what you said yes 50", "tokens": [1079, 11, 309, 311, 1850, 437, 291, 848, 2086, 2625], "temperature": 0.0, "avg_logprob": -0.9083641453793174, "compression_ratio": 0.9333333333333333, "no_speech_prob": 0.07926802337169647}, {"id": 0, "seek": 0, "start": 5.72, "end": 6.48, "text": " 50", "tokens": [2625], "temperature": 0.0, "avg_logprob": -0.9083641453793174, "compression_ratio": 0.9333333333333333, "no_speech_prob": 0.07926802337169647}, {"id": 0, "seek": 0, "start": 6.48, "end": 7.48, "text": " 50", "tokens": [2625], "temperature": 0.0, "avg_logprob": -0.9083641453793174, "compression_ratio": 0.9333333333333333, "no_speech_prob": 0.07926802337169647}], "language": "en"}