{"text": " Yes, can you guide me if you said it's wise and wise? I want to say for you, but it's not correct. Yes, can you guide me if you said it's wise and wise? I want to say for you, but it's not correct.", "segments": [{"id": 0, "seek": 0, "start": 0.0, "end": 4.48, "text": " Yes, can you guide me if you said it's wise and wise?", "tokens": [1079, 11, 393, 291, 5934, 385, 498, 291, 848, 309, 311, 10829, 293, 10829, 30], "temperature": 0.0, "avg_logprob": -0.5223125110973011, "compression_ratio": 1.1264367816091954, "no_speech_prob": 0.05466482788324356}, {"id": 0, "seek": 0, "start": 4.48, "end": 7.08, "text": " I want to say for you, but it's not correct.", "tokens": [286, 528, 281, 584, 337, 291, 11, 457, 309, 311, 406, 3006, 13], "temperature": 0.0, "avg_logprob": -0.5223125110973011, "compression_ratio": 1.1264367816091954, "no_speech_prob": 0.05466482788324356}], "language": "en"}