{"text": " It's not clear. Did she not work on Thursday? Or did she did three hours?", "segments": [{"id": 0, "seek": 0, "start": 0.0, "end": 6.0, "text": " It's not clear. Did she not work on Thursday? Or did she did three hours?", "tokens": [467, 311, 406, 1850, 13, 2589, 750, 406, 589, 322, 10383, 30, 1610, 630, 750, 630, 1045, 2496, 30], "temperature": 0.0, "avg_logprob": -0.5073865110223944, "compression_ratio": 1.0579710144927537, "no_speech_prob": 0.15967680513858795}], "language": "en"}