{"text": " Well, there's 20 in the orchestra. This twice is mainly in the band. So let's save 40 in the band, right? OK. Well, there's 20 in the orchestra. This twice is mainly in the band. So let's save 40 in the band, right? OK.", "segments": [{"id": 0, "seek": 0, "start": 0.0, "end": 2.66, "text": " Well, there's 20 in the orchestra.", "tokens": [1042, 11, 456, 311, 945, 294, 264, 25280, 13], "temperature": 0.0, "avg_logprob": -0.44297306354229266, "compression_ratio": 1.1354166666666667, "no_speech_prob": 0.07990309596061707}, {"id": 0, "seek": 0, "start": 2.66, "end": 3.92, "text": " This twice is mainly in the band.", "tokens": [639, 6091, 307, 8704, 294, 264, 4116, 13], "temperature": 0.0, "avg_logprob": -0.44297306354229266, "compression_ratio": 1.1354166666666667, "no_speech_prob": 0.07990309596061707}, {"id": 0, "seek": 0, "start": 3.92, "end": 5.96, "text": " So let's save 40 in the band, right?", "tokens": [407, 718, 311, 3155, 3356, 294, 264, 4116, 11, 558, 30], "temperature": 0.0, "avg_logprob": -0.44297306354229266, "compression_ratio": 1.1354166666666667, "no_speech_prob": 0.07990309596061707}, {"id": 0, "seek": 0, "start": 5.96, "end": 6.46, "text": " OK.", "tokens": [2264, 13], "temperature": 0.0, "avg_logprob": -0.44297306354229266, "compression_ratio": 1.1354166666666667, "no_speech_prob": 0.07990309596061707}], "language": "en"}