{"text": " Okay, yeah, I don't know. Yes, I still don't know. I don't know how much paper he had at the start. Yeah, okay. Well, maybe three just please", "segments": [{"id": 0, "seek": 0, "start": 0.0, "end": 7.36, "text": " Okay, yeah, I don't know. Yes, I still don't know. I don't know how much paper he had at the start. Yeah, okay. Well, maybe three just please", "tokens": [1033, 11, 1338, 11, 286, 500, 380, 458, 13, 1079, 11, 286, 920, 500, 380, 458, 13, 286, 500, 380, 458, 577, 709, 3035, 415, 632, 412, 264, 722, 13, 865, 11, 1392, 13, 1042, 11, 1310, 1045, 445, 1767], "temperature": 0.0, "avg_logprob": -0.2974199472471725, "compression_ratio": 1.3055555555555556, "no_speech_prob": 0.21794113516807556}], "language": "en"}