{"text": " Yes please, yes please. No, I think that's okay. I know 44. Okay, so she makes 10, 55 students. Thank you. Yes please, yes please. No, I think that's okay. I know 44. Okay, so she makes 10, 55 students. Thank you.", "segments": [{"id": 0, "seek": 0, "start": 0.0, "end": 4.0, "text": " Yes please, yes please. No, I think that's okay. I know 44.", "tokens": [1079, 1767, 11, 2086, 1767, 13, 883, 11, 286, 519, 300, 311, 1392, 13, 286, 458, 16408, 13], "temperature": 0.0, "avg_logprob": -0.5112893316480849, "compression_ratio": 1.092783505154639, "no_speech_prob": 0.2532070279121399}, {"id": 0, "seek": 0, "start": 4.0, "end": 7.0, "text": " Okay, so she makes 10, 55 students. Thank you.", "tokens": [1033, 11, 370, 750, 1669, 1266, 11, 12330, 1731, 13, 1044, 291, 13], "temperature": 0.0, "avg_logprob": -0.5112893316480849, "compression_ratio": 1.092783505154639, "no_speech_prob": 0.2532070279121399}], "language": "en"}