{"text": " Sure, you said, for the specificity in a group, I don't know which groups are you referring to.", "segments": [{"id": 0, "seek": 0, "start": 0.0, "end": 5.0, "text": " Sure, you said, for the specificity in a group, I don't know which groups are you referring to.", "tokens": [4894, 11, 291, 848, 11, 337, 264, 2685, 507, 294, 257, 1594, 11, 286, 500, 380, 458, 597, 3935, 366, 291, 13761, 281, 13], "temperature": 0.0, "avg_logprob": -0.6719861207184968, "compression_ratio": 1.1046511627906976, "no_speech_prob": 0.16998983919620514}], "language": "en"}