{"text": " Yeah, no, I don't...", "segments": [{"id": 0, "seek": 0, "start": 0.0, "end": 2.0, "text": " Yeah, no, I don't...", "tokens": [865, 11, 572, 11, 286, 500, 380, 485], "temperature": 0.0, "avg_logprob": -0.6305049982937899, "compression_ratio": 0.7142857142857143, "no_speech_prob": 0.3350260257720947}], "language": "en"}