{"text": " No, Pepper, because there is a part of the sentence that I can never understand. My answer is still three. Yes, now I understood it. No idea. No, Pepper, because there is a part of the sentence that I can never understand. My answer is still three. Yes, now I understood it. No idea.", "segments": [{"id": 0, "seek": 0, "start": 0.0, "end": 4.0, "text": " No, Pepper, because there is a part of the sentence that I can never understand.", "tokens": [883, 11, 30231, 11, 570, 456, 307, 257, 644, 295, 264, 8174, 300, 286, 393, 1128, 1223, 13], "temperature": 0.0, "avg_logprob": -0.3206954556842183, "compression_ratio": 1.2589285714285714, "no_speech_prob": 0.20640259981155396}, {"id": 0, "seek": 0, "start": 4.0, "end": 6.0, "text": " My answer is still three.", "tokens": [1222, 1867, 307, 920, 1045, 13], "temperature": 0.0, "avg_logprob": -0.3206954556842183, "compression_ratio": 1.2589285714285714, "no_speech_prob": 0.20640259981155396}, {"id": 0, "seek": 0, "start": 6.0, "end": 8.0, "text": " Yes, now I understood it.", "tokens": [1079, 11, 586, 286, 7320, 309, 13], "temperature": 0.0, "avg_logprob": -0.3206954556842183, "compression_ratio": 1.2589285714285714, "no_speech_prob": 0.20640259981155396}, {"id": 0, "seek": 0, "start": 8.0, "end": 9.0, "text": " No idea.", "tokens": [883, 1558, 13], "temperature": 0.0, "avg_logprob": -0.3206954556842183, "compression_ratio": 1.2589285714285714, "no_speech_prob": 0.20640259981155396}], "language": "en"}