{"text": " I think I'm still confused. Well, you're unreasonable then. Yeah. No. I think I'm still confused. Well, you're unreasonable then. Yeah. No.", "segments": [{"id": 0, "seek": 0, "start": 0.0, "end": 2.2600000000000002, "text": " I think I'm still confused.", "tokens": [286, 519, 286, 478, 920, 9019, 13], "temperature": 0.0, "avg_logprob": -0.7821145234284578, "compression_ratio": 0.92, "no_speech_prob": 0.22396516799926758}, {"id": 0, "seek": 0, "start": 2.2600000000000002, "end": 3.96, "text": " Well, you're unreasonable then.", "tokens": [1042, 11, 291, 434, 41730, 550, 13], "temperature": 0.0, "avg_logprob": -0.7821145234284578, "compression_ratio": 0.92, "no_speech_prob": 0.22396516799926758}, {"id": 0, "seek": 0, "start": 3.96, "end": 4.96, "text": " Yeah.", "tokens": [865, 13], "temperature": 0.0, "avg_logprob": -0.7821145234284578, "compression_ratio": 0.92, "no_speech_prob": 0.22396516799926758}, {"id": 0, "seek": 0, "start": 4.96, "end": 5.8, "text": " No.", "tokens": [883, 13], "temperature": 0.0, "avg_logprob": -0.7821145234284578, "compression_ratio": 0.92, "no_speech_prob": 0.22396516799926758}], "language": "en"}