{"text": " Yeah, both must be 40. Well, you said 20 in the orchestra and twice in the band. You must be 40, no? Yeah, both must be 40. Well, you said 20 in the orchestra and twice in the band. You must be 40, no?", "segments": [{"id": 0, "seek": 0, "start": 0.0, "end": 3.3200000000000003, "text": " Yeah, both must be 40.", "tokens": [865, 11, 1293, 1633, 312, 3356, 13], "temperature": 0.0, "avg_logprob": -0.48483249119349886, "compression_ratio": 1.1363636363636365, "no_speech_prob": 0.14438077807426453}, {"id": 0, "seek": 0, "start": 3.3200000000000003, "end": 8.56, "text": " Well, you said 20 in the orchestra and twice in the band.", "tokens": [1042, 11, 291, 848, 945, 294, 264, 25280, 293, 6091, 294, 264, 4116, 13], "temperature": 0.0, "avg_logprob": -0.48483249119349886, "compression_ratio": 1.1363636363636365, "no_speech_prob": 0.14438077807426453}, {"id": 0, "seek": 0, "start": 8.56, "end": 10.24, "text": " You must be 40, no?", "tokens": [509, 1633, 312, 3356, 11, 572, 30], "temperature": 0.0, "avg_logprob": -0.48483249119349886, "compression_ratio": 1.1363636363636365, "no_speech_prob": 0.14438077807426453}], "language": "en"}