{"text": " But you first said that she didn't work in Thursday and then that she worked three hours each for Thursday and Friday. Did she work on Thursday or not? Okay. But you first said that she didn't work in Thursday and then that she worked three hours each for Thursday and Friday. Did she work on Thursday or not? Okay.", "segments": [{"id": 0, "seek": 0, "start": 0.0, "end": 6.48, "text": " But you first said that she didn't work in Thursday and then that she worked three hours", "tokens": [583, 291, 700, 848, 300, 750, 994, 380, 589, 294, 10383, 293, 550, 300, 750, 2732, 1045, 2496], "temperature": 0.0, "avg_logprob": -0.3916315477947856, "compression_ratio": 1.4272727272727272, "no_speech_prob": 0.04028240963816643}, {"id": 0, "seek": 0, "start": 6.48, "end": 8.08, "text": " each for Thursday and Friday.", "tokens": [1184, 337, 10383, 293, 6984, 13], "temperature": 0.0, "avg_logprob": -0.3916315477947856, "compression_ratio": 1.4272727272727272, "no_speech_prob": 0.04028240963816643}, {"id": 0, "seek": 0, "start": 8.08, "end": 9.92, "text": " Did she work on Thursday or not?", "tokens": [2589, 750, 589, 322, 10383, 420, 406, 30], "temperature": 0.0, "avg_logprob": -0.3916315477947856, "compression_ratio": 1.4272727272727272, "no_speech_prob": 0.04028240963816643}, {"id": 0, "seek": 0, "start": 9.92, "end": 10.24, "text": " Okay.", "tokens": [1033, 13], "temperature": 0.0, "avg_logprob": -0.3916315477947856, "compression_ratio": 1.4272727272727272, "no_speech_prob": 0.04028240963816643}], "language": "en"}