{"text": " Okay, 16.", "segments": [{"id": 0, "seek": 0, "start": 0.0, "end": 2.0, "text": " Okay, 16.", "tokens": [1033, 11, 3165, 13], "temperature": 0.0, "avg_logprob": -0.7400739533560616, "compression_ratio": 0.5294117647058824, "no_speech_prob": 0.0749376118183136}], "language": "en"}