{"text": " Yes, 320.", "segments": [{"id": 0, "seek": 0, "start": 0.0, "end": 2.0, "text": " Yes, 320.", "tokens": [1079, 11, 42429, 13], "temperature": 0.0, "avg_logprob": -0.6305883952549526, "compression_ratio": 0.5294117647058824, "no_speech_prob": 0.13866598904132843}], "language": "en"}