{"text": " Yeah, okay. Yeah, 33. First, 11. Yeah, okay. Yeah, 33. First, 11.", "segments": [{"id": 0, "seek": 0, "start": 0.0, "end": 3.0, "text": " Yeah, okay. Yeah, 33.", "tokens": [865, 11, 1392, 13, 865, 11, 11816, 13], "temperature": 0.0, "avg_logprob": -0.7853586533490349, "compression_ratio": 0.8888888888888888, "no_speech_prob": 0.25291064381599426}, {"id": 0, "seek": 0, "start": 3.0, "end": 5.0, "text": " First, 11.", "tokens": [2386, 11, 2975, 13], "temperature": 0.0, "avg_logprob": -0.7853586533490349, "compression_ratio": 0.8888888888888888, "no_speech_prob": 0.25291064381599426}], "language": "en"}