{"text": " Okay, yeah No, I don't know yeah you I miss an information how many pieces have James at the beginning we cannot answer the questions I said it before you said it's wrong Okay, yeah No, I don't know yeah you I miss an information how many pieces have James at the beginning we cannot answer the questions I said it before you said it's wrong", "segments": [{"id": 0, "seek": 0, "start": 0.0, "end": 2.0, "text": " Okay, yeah", "tokens": [1033, 11, 1338], "temperature": 0.0, "avg_logprob": -0.3864967172796076, "compression_ratio": 1.3385826771653544, "no_speech_prob": 0.18856073915958405}, {"id": 0, "seek": 0, "start": 3.24, "end": 12.08, "text": " No, I don't know yeah you I miss an information how many pieces have James at the beginning we cannot answer the questions", "tokens": [883, 11, 286, 500, 380, 458, 1338, 291, 286, 1713, 364, 1589, 577, 867, 3755, 362, 5678, 412, 264, 2863, 321, 2644, 1867, 264, 1651], "temperature": 0.0, "avg_logprob": -0.3864967172796076, "compression_ratio": 1.3385826771653544, "no_speech_prob": 0.18856073915958405}, {"id": 0, "seek": 0, "start": 12.08, "end": 14.4, "text": " I said it before you said it's wrong", "tokens": [286, 848, 309, 949, 291, 848, 309, 311, 2085], "temperature": 0.0, "avg_logprob": -0.3864967172796076, "compression_ratio": 1.3385826771653544, "no_speech_prob": 0.18856073915958405}], "language": "en"}