{"text": " Yeah, 40.", "segments": [{"id": 0, "seek": 0, "start": 0.0, "end": 1.0, "text": " Yeah, 40.", "tokens": [865, 11, 3356, 13], "temperature": 0.0, "avg_logprob": -0.8244239262172154, "compression_ratio": 0.5294117647058824, "no_speech_prob": 0.20569287240505219}], "language": "en"}