{"text": " Yes, here. To the alarm. Is it a alarm? We have to do one. Yes, here. To the alarm. Is it a alarm? We have to do one.", "segments": [{"id": 0, "seek": 0, "start": 0.0, "end": 1.0, "text": " Yes, here.", "tokens": [1079, 11, 510, 13], "temperature": 0.0, "avg_logprob": -0.8093213353838239, "compression_ratio": 0.9508196721311475, "no_speech_prob": 0.21189232170581818}, {"id": 0, "seek": 0, "start": 2.0, "end": 3.0, "text": " To the alarm.", "tokens": [1407, 264, 14183, 13], "temperature": 0.0, "avg_logprob": -0.8093213353838239, "compression_ratio": 0.9508196721311475, "no_speech_prob": 0.21189232170581818}, {"id": 0, "seek": 0, "start": 5.0, "end": 6.0, "text": " Is it a alarm?", "tokens": [1119, 309, 257, 14183, 30], "temperature": 0.0, "avg_logprob": -0.8093213353838239, "compression_ratio": 0.9508196721311475, "no_speech_prob": 0.21189232170581818}, {"id": 0, "seek": 0, "start": 6.0, "end": 7.0, "text": " We have to do one.", "tokens": [492, 362, 281, 360, 472, 13], "temperature": 0.0, "avg_logprob": -0.8093213353838239, "compression_ratio": 0.9508196721311475, "no_speech_prob": 0.21189232170581818}], "language": "en"}