{"text": " Yep, they're on the screen. Yeah. Yep, they're on the screen. Yeah.", "segments": [{"id": 0, "seek": 0, "start": 0.0, "end": 2.5, "text": " Yep, they're on the screen.", "tokens": [7010, 11, 436, 434, 322, 264, 2568, 13], "temperature": 0.0, "avg_logprob": -0.7601767222086588, "compression_ratio": 0.868421052631579, "no_speech_prob": 0.41267335414886475}, {"id": 0, "seek": 0, "start": 2.5, "end": 3.0, "text": " Yeah.", "tokens": [865, 13], "temperature": 0.0, "avg_logprob": -0.7601767222086588, "compression_ratio": 0.868421052631579, "no_speech_prob": 0.41267335414886475}], "language": "en"}