{"text": " Yes, yes. You want to do the right here? Okay. Yes, yes. You want to do the right here? Okay.", "segments": [{"id": 0, "seek": 0, "start": 0.0, "end": 1.0, "text": " Yes, yes.", "tokens": [1079, 11, 2086, 13], "temperature": 0.2, "avg_logprob": -0.8464081173851377, "compression_ratio": 0.8518518518518519, "no_speech_prob": 0.44673264026641846}, {"id": 0, "seek": 0, "start": 1.0, "end": 2.0, "text": " You want to do the right here?", "tokens": [509, 528, 281, 360, 264, 558, 510, 30], "temperature": 0.2, "avg_logprob": -0.8464081173851377, "compression_ratio": 0.8518518518518519, "no_speech_prob": 0.44673264026641846}, {"id": 0, "seek": 0, "start": 2.0, "end": 3.0, "text": " Okay.", "tokens": [1033, 13], "temperature": 0.2, "avg_logprob": -0.8464081173851377, "compression_ratio": 0.8518518518518519, "no_speech_prob": 0.44673264026641846}], "language": "en"}