{"text": " Yes we born boredin Forgive, do not count Ed, please If Yes we born boredin Forgive, do not count Ed, please If", "segments": [{"id": 0, "seek": 0, "start": 0.0, "end": 1.04, "text": " Yes we born boredin", "tokens": [1079, 321, 4232, 13521, 259], "temperature": 1.0, "avg_logprob": -4.746486981709798, "compression_ratio": 0.9166666666666666, "no_speech_prob": 0.3378397822380066}, {"id": 0, "seek": 0, "start": 1.72, "end": 10.92, "text": " Forgive, do not count", "tokens": [34060, 11, 360, 406, 1207], "temperature": 1.0, "avg_logprob": -4.746486981709798, "compression_ratio": 0.9166666666666666, "no_speech_prob": 0.3378397822380066}, {"id": 0, "seek": 0, "start": 14.120000000000001, "end": 25.400000000000002, "text": " Ed, please", "tokens": [3977, 11, 1767], "temperature": 1.0, "avg_logprob": -4.746486981709798, "compression_ratio": 0.9166666666666666, "no_speech_prob": 0.3378397822380066}, {"id": 0, "seek": 0, "start": 25.400000000000002, "end": 29.68, "text": " If", "tokens": [759], "temperature": 1.0, "avg_logprob": -4.746486981709798, "compression_ratio": 0.9166666666666666, "no_speech_prob": 0.3378397822380066}], "language": "en"}