{"text": " Yes. 1440. Yes. 1440.", "segments": [{"id": 0, "seek": 0, "start": 0.0, "end": 1.0, "text": " Yes.", "tokens": [1079, 13], "temperature": 0.0, "avg_logprob": -0.6821386337280273, "compression_ratio": 0.5555555555555556, "no_speech_prob": 0.09967310726642609}, {"id": 0, "seek": 0, "start": 1.0, "end": 2.0, "text": " 1440.", "tokens": [3499, 5254, 13], "temperature": 0.0, "avg_logprob": -0.6821386337280273, "compression_ratio": 0.5555555555555556, "no_speech_prob": 0.09967310726642609}], "language": "en"}