{"text": " Yeah, I've got three hundred and thirty. Three hundred and thirty. No. He was a ninety. Yeah, I've got three hundred and thirty. Three hundred and thirty. No. He was a ninety.", "segments": [{"id": 0, "seek": 0, "start": 0.0, "end": 3.2800000000000002, "text": " Yeah, I've got three hundred and thirty. Three hundred and thirty. No.", "tokens": [865, 11, 286, 600, 658, 1045, 3262, 293, 11790, 13, 6244, 3262, 293, 11790, 13, 883, 13], "temperature": 0.0, "avg_logprob": -0.8864397119592737, "compression_ratio": 1.2428571428571429, "no_speech_prob": 0.15768586099147797}, {"id": 0, "seek": 0, "start": 7.28, "end": 8.32, "text": " He was a ninety.", "tokens": [634, 390, 257, 25063, 13], "temperature": 0.0, "avg_logprob": -0.8864397119592737, "compression_ratio": 1.2428571428571429, "no_speech_prob": 0.15768586099147797}], "language": "en"}