{"text": " Give the question, give the question number 40.", "segments": [{"id": 0, "seek": 0, "start": 0.0, "end": 2.32, "text": " Give the question, give the question number 40.", "tokens": [5303, 264, 1168, 11, 976, 264, 1168, 1230, 3356, 13], "temperature": 0.0, "avg_logprob": -0.5538247915414664, "compression_ratio": 1.146341463414634, "no_speech_prob": 0.27558454871177673}], "language": "en"}