{"text": " Okay, yeah, good to question. Good to question. Okay, yeah, good to question. Good to question.", "segments": [{"id": 0, "seek": 0, "start": 0.0, "end": 2.0, "text": " Okay, yeah, good to question.", "tokens": [1033, 11, 1338, 11, 665, 281, 1168, 13], "temperature": 0.0, "avg_logprob": -0.8094560398774988, "compression_ratio": 1.146341463414634, "no_speech_prob": 0.231663778424263}, {"id": 0, "seek": 0, "start": 5.44, "end": 7.44, "text": " Good to question.", "tokens": [2205, 281, 1168, 13], "temperature": 0.0, "avg_logprob": -0.8094560398774988, "compression_ratio": 1.146341463414634, "no_speech_prob": 0.231663778424263}], "language": "en"}