{"text": " Yeah, yeah, that's okay, true.", "segments": [{"id": 0, "seek": 0, "start": 0.0, "end": 2.8000000000000003, "text": " Yeah, yeah, that's okay, true.", "tokens": [865, 11, 1338, 11, 300, 311, 1392, 11, 2074, 13], "temperature": 0.0, "avg_logprob": -0.8892612457275391, "compression_ratio": 0.9090909090909091, "no_speech_prob": 0.20605768263339996}], "language": "en"}