{"text": " Yes, please. Yeah, we don't know Because we don't know how many he had at the stop any more than what he had yeah Yes, please. Yeah, we don't know Because we don't know how many he had at the stop any more than what he had yeah", "segments": [{"id": 0, "seek": 0, "start": 0.0, "end": 2.56, "text": " Yes, please. Yeah, we don't know", "tokens": [1079, 11, 1767, 13, 865, 11, 321, 500, 380, 458], "temperature": 0.0, "avg_logprob": -0.38625271180096793, "compression_ratio": 1.2555555555555555, "no_speech_prob": 0.24777889251708984}, {"id": 0, "seek": 0, "start": 3.16, "end": 7.12, "text": " Because we don't know how many he had at the stop any more than what he had yeah", "tokens": [1436, 321, 500, 380, 458, 577, 867, 415, 632, 412, 264, 1590, 604, 544, 813, 437, 415, 632, 1338], "temperature": 0.0, "avg_logprob": -0.38625271180096793, "compression_ratio": 1.2555555555555555, "no_speech_prob": 0.24777889251708984}], "language": "en"}