{"text": " Yes, no, no, give up, yeah? Great, okay. Yes, no, no, give up, yeah? Great, okay.", "segments": [{"id": 0, "seek": 0, "start": 0.0, "end": 2.52, "text": " Yes, no, no, give up, yeah?", "tokens": [1079, 11, 572, 11, 572, 11, 976, 493, 11, 1338, 30], "temperature": 0.0, "avg_logprob": -0.7382307052612305, "compression_ratio": 0.9302325581395349, "no_speech_prob": 0.1974329948425293}, {"id": 0, "seek": 0, "start": 2.52, "end": 3.52, "text": " Great, okay.", "tokens": [3769, 11, 1392, 13], "temperature": 0.0, "avg_logprob": -0.7382307052612305, "compression_ratio": 0.9302325581395349, "no_speech_prob": 0.1974329948425293}], "language": "en"}