{"text": " Yes, yeah, 22 okay give it 44 55 give up I give up it's too difficult", "segments": [{"id": 0, "seek": 0, "start": 0.0, "end": 7.24, "text": " Yes, yeah, 22 okay give it 44 55 give up I give up it's too difficult", "tokens": [1079, 11, 1338, 11, 5853, 1392, 976, 309, 16408, 12330, 976, 493, 286, 976, 493, 309, 311, 886, 2252], "temperature": 0.0, "avg_logprob": -0.5440434109080922, "compression_ratio": 1.0615384615384615, "no_speech_prob": 0.3708667755126953}], "language": "en"}