{"text": " Yes I do. What are you doing, Brooklyn? Yes I do. What are you doing, Brooklyn?", "segments": [{"id": 0, "seek": 0, "start": 0.0, "end": 1.0, "text": " Yes I do.", "tokens": [1079, 286, 360, 13], "temperature": 0.0, "avg_logprob": -0.9706195592880249, "compression_ratio": 0.8478260869565217, "no_speech_prob": 0.05258995667099953}, {"id": 0, "seek": 0, "start": 1.0, "end": 3.0, "text": " What are you doing, Brooklyn?", "tokens": [708, 366, 291, 884, 11, 21872, 30], "temperature": 0.0, "avg_logprob": -0.9706195592880249, "compression_ratio": 0.8478260869565217, "no_speech_prob": 0.05258995667099953}], "language": "en"}