{"text": " Yes please. Okay. First things should have three or less. Okay. Yes. The question is clear. Yes, three. Yes please. Okay. First things should have three or less. Okay. Yes. The question is clear. Yes, three.", "segments": [{"id": 0, "seek": 0, "start": 0.0, "end": 2.0, "text": " Yes please. Okay.", "tokens": [1079, 1767, 13, 1033, 13], "temperature": 0.0, "avg_logprob": -0.49676906040736607, "compression_ratio": 1.1573033707865168, "no_speech_prob": 0.11920717358589172}, {"id": 0, "seek": 0, "start": 2.0, "end": 6.0, "text": " First things should have three or less. Okay.", "tokens": [2386, 721, 820, 362, 1045, 420, 1570, 13, 1033, 13], "temperature": 0.0, "avg_logprob": -0.49676906040736607, "compression_ratio": 1.1573033707865168, "no_speech_prob": 0.11920717358589172}, {"id": 0, "seek": 0, "start": 6.0, "end": 8.0, "text": " Yes. The question is clear.", "tokens": [1079, 13, 440, 1168, 307, 1850, 13], "temperature": 0.0, "avg_logprob": -0.49676906040736607, "compression_ratio": 1.1573033707865168, "no_speech_prob": 0.11920717358589172}, {"id": 0, "seek": 0, "start": 8.0, "end": 10.0, "text": " Yes, three.", "tokens": [1079, 11, 1045, 13], "temperature": 0.0, "avg_logprob": -0.49676906040736607, "compression_ratio": 1.1573033707865168, "no_speech_prob": 0.11920717358589172}], "language": "en"}