{"text": " Yes, can you help me? Yes, you have three. This is right. Yes, can you help me? Yes, you have three. This is right.", "segments": [{"id": 0, "seek": 0, "start": 0.0, "end": 2.0, "text": " Yes, can you help me?", "tokens": [1079, 11, 393, 291, 854, 385, 30], "temperature": 0.0, "avg_logprob": -0.5636125802993774, "compression_ratio": 0.9827586206896551, "no_speech_prob": 0.09575222432613373}, {"id": 0, "seek": 0, "start": 2.0, "end": 5.0, "text": " Yes, you have three.", "tokens": [1079, 11, 291, 362, 1045, 13], "temperature": 0.0, "avg_logprob": -0.5636125802993774, "compression_ratio": 0.9827586206896551, "no_speech_prob": 0.09575222432613373}, {"id": 0, "seek": 0, "start": 5.0, "end": 6.0, "text": " This is right.", "tokens": [639, 307, 558, 13], "temperature": 0.0, "avg_logprob": -0.5636125802993774, "compression_ratio": 0.9827586206896551, "no_speech_prob": 0.09575222432613373}], "language": "en"}