{"text": " Okay. No, it's not complicated. I don't know the answer. Yeah, I don't know the answer. Okay. Okay. Let me think. Is it 50 students? Yes, I need your help. Okay. Okay. No, it's not complicated. I don't know the answer. Yeah, I don't know the answer. Okay. Okay. Let me think. Is it 50 students? Yes, I need your help. Okay.", "segments": [{"id": 0, "seek": 0, "start": 0.0, "end": 7.6000000000000005, "text": " Okay. No, it's not complicated. I don't know the answer. Yeah, I don't know the answer.", "tokens": [1033, 13, 883, 11, 309, 311, 406, 6179, 13, 286, 500, 380, 458, 264, 1867, 13, 865, 11, 286, 500, 380, 458, 264, 1867, 13], "temperature": 0.0, "avg_logprob": -0.38097293560321516, "compression_ratio": 1.3644067796610169, "no_speech_prob": 0.05047626420855522}, {"id": 0, "seek": 0, "start": 7.6000000000000005, "end": 16.8, "text": " Okay. Okay. Let me think. Is it 50 students? Yes, I need your help. Okay.", "tokens": [1033, 13, 1033, 13, 961, 385, 519, 13, 1119, 309, 2625, 1731, 30, 1079, 11, 286, 643, 428, 854, 13, 1033, 13], "temperature": 0.0, "avg_logprob": -0.38097293560321516, "compression_ratio": 1.3644067796610169, "no_speech_prob": 0.05047626420855522}], "language": "en"}