{"text": " Yes, 1209.00. Yes, 120.00. Yes, 1209.00. Yes, 120.00.", "segments": [{"id": 0, "seek": 0, "start": 0.0, "end": 2.0, "text": " Yes, 1209.00.", "tokens": [1079, 11, 10411, 24, 13, 628, 13], "temperature": 0.0, "avg_logprob": -0.8653088145785861, "compression_ratio": 1.0, "no_speech_prob": 0.20319874584674835}, {"id": 0, "seek": 0, "start": 2.0, "end": 4.0, "text": " Yes, 120.00.", "tokens": [1079, 11, 10411, 13, 628, 13], "temperature": 0.0, "avg_logprob": -0.8653088145785861, "compression_ratio": 1.0, "no_speech_prob": 0.20319874584674835}], "language": "en"}