{"text": " I'm not a part of health, I do. Yes, it's true. I'm a subsood, I'm a bit worried. Yes, it is. Okay. I'm not a part of health, I do. Yes, it's true. I'm a subsood, I'm a bit worried. Yes, it is. Okay.", "segments": [{"id": 0, "seek": 0, "start": 0.0, "end": 2.0, "text": " I'm not a part of health, I do. Yes, it's true.", "tokens": [286, 478, 406, 257, 644, 295, 1585, 11, 286, 360, 13, 1079, 11, 309, 311, 2074, 13], "temperature": 0.0, "avg_logprob": -0.9356535131281073, "compression_ratio": 1.125, "no_speech_prob": 0.4731965661048889}, {"id": 0, "seek": 0, "start": 2.0, "end": 4.0, "text": " I'm a subsood, I'm a bit worried.", "tokens": [286, 478, 257, 1422, 539, 378, 11, 286, 478, 257, 857, 5804, 13], "temperature": 0.0, "avg_logprob": -0.9356535131281073, "compression_ratio": 1.125, "no_speech_prob": 0.4731965661048889}, {"id": 0, "seek": 0, "start": 4.0, "end": 6.0, "text": " Yes, it is. Okay.", "tokens": [1079, 11, 309, 307, 13, 1033, 13], "temperature": 0.0, "avg_logprob": -0.9356535131281073, "compression_ratio": 1.125, "no_speech_prob": 0.4731965661048889}], "language": "en"}