{"text": " Yes, yes, 1.2 L. Yes, 3. Yes, yes, 1.2 L. Yes, 3.", "segments": [{"id": 0, "seek": 0, "start": 0.0, "end": 3.0, "text": " Yes, yes, 1.2 L.", "tokens": [1079, 11, 2086, 11, 502, 13, 17, 441, 13], "temperature": 0.0, "avg_logprob": -0.8676931593153212, "compression_ratio": 0.8888888888888888, "no_speech_prob": 0.14385387301445007}, {"id": 0, "seek": 0, "start": 3.0, "end": 4.0, "text": " Yes, 3.", "tokens": [1079, 11, 805, 13], "temperature": 0.0, "avg_logprob": -0.8676931593153212, "compression_ratio": 0.8888888888888888, "no_speech_prob": 0.14385387301445007}], "language": "en"}