{"text": " Ja, \u00e4h...", "segments": [{"id": 0, "seek": 0, "start": 0.0, "end": 1.02, "text": " Ja, \u00e4h...", "tokens": [3530, 11, 3078, 71, 485], "temperature": 1.0, "avg_logprob": -2.096890449523926, "compression_ratio": 0.5555555555555556, "no_speech_prob": 0.45014140009880066}], "language": "de"}