{"text": " Yes, no SB.", "segments": [{"id": 0, "seek": 0, "start": 0.0, "end": 1.2, "text": " Yes, no SB.", "tokens": [1079, 11, 572, 26944, 13], "temperature": 0.0, "avg_logprob": -0.6894477009773254, "compression_ratio": 0.5789473684210527, "no_speech_prob": 0.1970890909433365}], "language": "en"}