{"text": " Yes, it's Jackie, work on PSA. It's a 190, 190, 190. Yes, it's Jackie, work on PSA. It's a 190, 190, 190.", "segments": [{"id": 0, "seek": 0, "start": 0.0, "end": 2.0, "text": " Yes, it's Jackie, work on PSA.", "tokens": [1079, 11, 309, 311, 23402, 11, 589, 322, 8168, 32, 13], "temperature": 0.0, "avg_logprob": -0.7581035614013671, "compression_ratio": 1.04, "no_speech_prob": 0.23098260164260864}, {"id": 0, "seek": 0, "start": 2.0, "end": 6.0, "text": " It's a 190, 190, 190.", "tokens": [467, 311, 257, 37609, 11, 37609, 11, 37609, 13], "temperature": 0.0, "avg_logprob": -0.7581035614013671, "compression_ratio": 1.04, "no_speech_prob": 0.23098260164260864}], "language": "en"}