{"text": " How much soda did you make yesterday? 38 packs and 55?", "segments": [{"id": 0, "seek": 0, "start": 0.0, "end": 4.0, "text": " How much soda did you make yesterday? 38 packs and 55?", "tokens": [1012, 709, 17192, 630, 291, 652, 5186, 30, 12843, 19403, 293, 12330, 30], "temperature": 0.0, "avg_logprob": -0.7676337361335754, "compression_ratio": 0.8709677419354839, "no_speech_prob": 0.04207051917910576}], "language": "en"}