{"text": " A theory.", "segments": [{"id": 0, "seek": 0, "start": 0.0, "end": 1.4000000000000001, "text": " A theory.", "tokens": [316, 5261, 13], "temperature": 1.0, "avg_logprob": -3.1164938608805337, "compression_ratio": 0.5294117647058824, "no_speech_prob": 0.5009678602218628}], "language": "en"}