{"text": " I'm party. I'm a repeat. Repeat. I'm party. I'm a repeat. Repeat.", "segments": [{"id": 0, "seek": 0, "start": 0.0, "end": 1.0, "text": " I'm party.", "tokens": [286, 478, 3595, 13], "temperature": 0.0, "avg_logprob": -0.7574003537495931, "compression_ratio": 0.9411764705882353, "no_speech_prob": 0.1733202487230301}, {"id": 0, "seek": 0, "start": 1.0, "end": 2.0, "text": " I'm a repeat.", "tokens": [286, 478, 257, 7149, 13], "temperature": 0.0, "avg_logprob": -0.7574003537495931, "compression_ratio": 0.9411764705882353, "no_speech_prob": 0.1733202487230301}, {"id": 0, "seek": 0, "start": 2.0, "end": 3.0, "text": " Repeat.", "tokens": [28523, 13], "temperature": 0.0, "avg_logprob": -0.7574003537495931, "compression_ratio": 0.9411764705882353, "no_speech_prob": 0.1733202487230301}], "language": "en"}