{"text": " repeat yes", "segments": [{"id": 0, "seek": 0, "start": 0.0, "end": 2.0, "text": " repeat yes", "tokens": [7149, 2086], "temperature": 0.4, "avg_logprob": -0.9886547088623047, "compression_ratio": 0.5555555555555556, "no_speech_prob": 0.15558266639709473}], "language": "en"}