{"text": " Yes, please. You said that she did not work on her say and also that she worked three hours on her say two hundred and ninety euro. Yes. Yes, please. You said that she did not work on her say and also that she worked three hours on her say two hundred and ninety euro. Yes.", "segments": [{"id": 0, "seek": 0, "start": 0.0, "end": 5.86, "text": " Yes, please. You said that she did not work on her say and also that she worked three hours on her say", "tokens": [1079, 11, 1767, 13, 509, 848, 300, 750, 630, 406, 589, 322, 720, 584, 293, 611, 300, 750, 2732, 1045, 2496, 322, 720, 584], "temperature": 0.0, "avg_logprob": -0.49933228125939, "compression_ratio": 1.402061855670103, "no_speech_prob": 0.14033417403697968}, {"id": 0, "seek": 0, "start": 5.86, "end": 7.34, "text": " two hundred and ninety euro.", "tokens": [732, 3262, 293, 25063, 14206, 13], "temperature": 0.0, "avg_logprob": -0.49933228125939, "compression_ratio": 1.402061855670103, "no_speech_prob": 0.14033417403697968}, {"id": 0, "seek": 0, "start": 7.34, "end": 7.84, "text": " Yes.", "tokens": [1079, 13], "temperature": 0.0, "avg_logprob": -0.49933228125939, "compression_ratio": 1.402061855670103, "no_speech_prob": 0.14033417403697968}], "language": "en"}