{"text": " Okay, and you help me sheets is the answer 3, 3, yes, I don't know.", "segments": [{"id": 0, "seek": 0, "start": 0.0, "end": 4.64, "text": " Okay, and you help me sheets is the answer 3, 3, yes, I don't know.", "tokens": [1033, 11, 293, 291, 854, 385, 15421, 307, 264, 1867, 805, 11, 805, 11, 2086, 11, 286, 500, 380, 458, 13], "temperature": 0.0, "avg_logprob": -0.6140036185582479, "compression_ratio": 0.9436619718309859, "no_speech_prob": 0.055907197296619415}], "language": "en"}