{"text": " Can you repeat the question please? It's either 40 or 106 depending on what you are asking. Is it 40?", "segments": [{"id": 0, "seek": 0, "start": 0.0, "end": 7.0, "text": " Can you repeat the question please? It's either 40 or 106 depending on what you are asking. Is it 40?", "tokens": [1664, 291, 7149, 264, 1168, 1767, 30, 467, 311, 2139, 3356, 420, 1266, 21, 5413, 322, 437, 291, 366, 3365, 13, 1119, 309, 3356, 30], "temperature": 0.0, "avg_logprob": -0.32804267747061594, "compression_ratio": 1.074468085106383, "no_speech_prob": 0.1533217877149582}], "language": "en"}