{"text": " Yes, that's great. Say, three, two, one, two, one, two, three, one, three, yes I do. Okay. Yes, great. Yes, that's great. Say, three, two, one, two, one, two, three, one, three, yes I do. Okay. Yes, great.", "segments": [{"id": 0, "seek": 0, "start": 0.0, "end": 1.72, "text": " Yes, that's great.", "tokens": [1079, 11, 300, 311, 869, 13], "temperature": 0.2, "avg_logprob": -0.7473158094618055, "compression_ratio": 1.4366197183098592, "no_speech_prob": 0.20762671530246735}, {"id": 0, "seek": 0, "start": 1.72, "end": 7.04, "text": " Say, three, two, one, two, one, two, three, one, three, yes I do.", "tokens": [6463, 11, 1045, 11, 732, 11, 472, 11, 732, 11, 472, 11, 732, 11, 1045, 11, 472, 11, 1045, 11, 2086, 286, 360, 13], "temperature": 0.2, "avg_logprob": -0.7473158094618055, "compression_ratio": 1.4366197183098592, "no_speech_prob": 0.20762671530246735}, {"id": 0, "seek": 0, "start": 7.04, "end": 7.88, "text": " Okay.", "tokens": [1033, 13], "temperature": 0.2, "avg_logprob": -0.7473158094618055, "compression_ratio": 1.4366197183098592, "no_speech_prob": 0.20762671530246735}, {"id": 0, "seek": 0, "start": 7.88, "end": 8.72, "text": " Yes, great.", "tokens": [1079, 11, 869, 13], "temperature": 0.2, "avg_logprob": -0.7473158094618055, "compression_ratio": 1.4366197183098592, "no_speech_prob": 0.20762671530246735}], "language": "en"}