{"text": " Yes, 290, yes. I mean, that I was just saying that I was 290. Yes, 290, yes. I mean, that I was just saying that I was 290.", "segments": [{"id": 0, "seek": 0, "start": 0.0, "end": 2.0, "text": " Yes, 290, yes.", "tokens": [1079, 11, 568, 7771, 11, 2086, 13], "temperature": 0.0, "avg_logprob": -0.9051172549907978, "compression_ratio": 1.0892857142857142, "no_speech_prob": 0.10777651518583298}, {"id": 0, "seek": 0, "start": 2.0, "end": 5.0, "text": " I mean, that I was just saying that I was 290.", "tokens": [286, 914, 11, 300, 286, 390, 445, 1566, 300, 286, 390, 568, 7771, 13], "temperature": 0.0, "avg_logprob": -0.9051172549907978, "compression_ratio": 1.0892857142857142, "no_speech_prob": 0.10777651518583298}], "language": "en"}