{"text": " Yes, yes, it's clear. I don't know. Pre! Yes, yes, it's clear. I don't know. Pre!", "segments": [{"id": 0, "seek": 0, "start": 0.0, "end": 3.08, "text": " Yes, yes, it's clear. I don't know.", "tokens": [1079, 11, 2086, 11, 309, 311, 1850, 13, 286, 500, 380, 458, 13], "temperature": 0.0, "avg_logprob": -0.6521912097930909, "compression_ratio": 0.8888888888888888, "no_speech_prob": 0.08741562068462372}, {"id": 0, "seek": 0, "start": 3.58, "end": 4.08, "text": " Pre!", "tokens": [6001, 0], "temperature": 0.0, "avg_logprob": -0.6521912097930909, "compression_ratio": 0.8888888888888888, "no_speech_prob": 0.08741562068462372}], "language": "en"}