{"text": " Can I skip it? Yeah, I should be 55.", "segments": [{"id": 0, "seek": 0, "start": 0.0, "end": 3.44, "text": " Can I skip it? Yeah, I should be 55.", "tokens": [1664, 286, 10023, 309, 30, 865, 11, 286, 820, 312, 12330, 13], "temperature": 0.0, "avg_logprob": -0.5888292948404948, "compression_ratio": 0.8571428571428571, "no_speech_prob": 0.09777876734733582}], "language": "en"}