{"text": " Sure, I need your help. No it isn't. Okay, okay. Okay, on. Yeah, yeah. In the 55. Sure, I need your help. No it isn't. Okay, okay. Okay, on. Yeah, yeah. In the 55.", "segments": [{"id": 0, "seek": 0, "start": 0.0, "end": 3.0, "text": " Sure, I need your help. No it isn't.", "tokens": [4894, 11, 286, 643, 428, 854, 13, 883, 309, 1943, 380, 13], "temperature": 0.0, "avg_logprob": -0.6262449316076331, "compression_ratio": 1.0384615384615385, "no_speech_prob": 0.2188548892736435}, {"id": 0, "seek": 0, "start": 3.0, "end": 5.0, "text": " Okay, okay.", "tokens": [1033, 11, 1392, 13], "temperature": 0.0, "avg_logprob": -0.6262449316076331, "compression_ratio": 1.0384615384615385, "no_speech_prob": 0.2188548892736435}, {"id": 0, "seek": 0, "start": 5.0, "end": 6.0, "text": " Okay, on. Yeah, yeah.", "tokens": [1033, 11, 322, 13, 865, 11, 1338, 13], "temperature": 0.0, "avg_logprob": -0.6262449316076331, "compression_ratio": 1.0384615384615385, "no_speech_prob": 0.2188548892736435}, {"id": 0, "seek": 0, "start": 6.0, "end": 7.0, "text": " In the 55.", "tokens": [682, 264, 12330, 13], "temperature": 0.0, "avg_logprob": -0.6262449316076331, "compression_ratio": 1.0384615384615385, "no_speech_prob": 0.2188548892736435}], "language": "en"}