{"text": " Yes, I couldn't follow you. Is it 290?", "segments": [{"id": 0, "seek": 0, "start": 0.0, "end": 2.72, "text": " Yes, I couldn't follow you. Is it 290?", "tokens": [1079, 11, 286, 2809, 380, 1524, 291, 13, 1119, 309, 568, 7771, 30], "temperature": 0.0, "avg_logprob": -0.40077075362205505, "compression_ratio": 0.8260869565217391, "no_speech_prob": 0.1031888872385025}], "language": "en"}