{"text": " Yeah, yeah, 40.", "segments": [{"id": 0, "seek": 0, "start": 0.0, "end": 2.0, "text": " Yeah, yeah, 40.", "tokens": [865, 11, 1338, 11, 3356, 13], "temperature": 0.0, "avg_logprob": -0.5993154843648275, "compression_ratio": 0.7894736842105263, "no_speech_prob": 0.06634865701198578}], "language": "en"}