{"text": " Yes, please. I've got I'm very clear about that one. Okay, but you mentioned the choir in the previous question 40 40", "segments": [{"id": 0, "seek": 0, "start": 0.0, "end": 6.62, "text": " Yes, please. I've got I'm very clear about that one. Okay, but you mentioned the choir in the previous question 40 40", "tokens": [1079, 11, 1767, 13, 286, 600, 658, 286, 478, 588, 1850, 466, 300, 472, 13, 1033, 11, 457, 291, 2835, 264, 31244, 294, 264, 3894, 1168, 3356, 3356], "temperature": 0.0, "avg_logprob": -0.2906667032549458, "compression_ratio": 1.1359223300970873, "no_speech_prob": 0.09876842796802521}], "language": "en"}