{"text": " Yeah, 290, 290 Euro.", "segments": [{"id": 0, "seek": 0, "start": 0.0, "end": 2.5, "text": " Yeah, 290, 290 Euro.", "tokens": [865, 11, 568, 7771, 11, 568, 7771, 3010, 13], "temperature": 0.0, "avg_logprob": -0.7376468976338705, "compression_ratio": 0.8333333333333334, "no_speech_prob": 0.0936562567949295}], "language": "en"}