{"text": " dan arahanleb sendiri dan arahanleb sendiri", "segments": [{"id": 0, "seek": 0, "start": 0.0, "end": 2.0, "text": " dan arahanleb sendiri", "tokens": [3277, 15186, 3451, 28512, 39536], "temperature": 1.0, "avg_logprob": -5.811464945475261, "compression_ratio": 0.7241379310344828, "no_speech_prob": 0.050077661871910095}], "language": "ms"}