{"text": " I do indeed have 60k", "segments": [{"id": 0, "seek": 0, "start": 0.0, "end": 2.0, "text": " I do indeed have 60k", "tokens": [286, 360, 6451, 362, 4060, 74], "temperature": 0.0, "avg_logprob": -0.5282851854960123, "compression_ratio": 0.7142857142857143, "no_speech_prob": 0.14742958545684814}], "language": "en"}