{"text": " How many literals for students? Is that the answer? Yes, I do. How many literals for students? Is that the answer? Yes, I do.", "segments": [{"id": 0, "seek": 0, "start": 0.0, "end": 4.0, "text": " How many literals for students?", "tokens": [1012, 867, 2733, 1124, 337, 1731, 30], "temperature": 0.0, "avg_logprob": -0.6795279184977213, "compression_ratio": 0.9117647058823529, "no_speech_prob": 0.36814650893211365}, {"id": 0, "seek": 0, "start": 4.0, "end": 6.0, "text": " Is that the answer?", "tokens": [1119, 300, 264, 1867, 30], "temperature": 0.0, "avg_logprob": -0.6795279184977213, "compression_ratio": 0.9117647058823529, "no_speech_prob": 0.36814650893211365}, {"id": 0, "seek": 0, "start": 6.0, "end": 8.0, "text": " Yes, I do.", "tokens": [1079, 11, 286, 360, 13], "temperature": 0.0, "avg_logprob": -0.6795279184977213, "compression_ratio": 0.9117647058823529, "no_speech_prob": 0.36814650893211365}], "language": "en"}