{"text": " Yes, 390. Yes, 290. Round of 20. Yes, 390. Yes, 290. Round of 20.", "segments": [{"id": 0, "seek": 0, "start": 0.0, "end": 2.0, "text": " Yes, 390.", "tokens": [1079, 11, 805, 7771, 13], "temperature": 0.0, "avg_logprob": -0.7962659200032552, "compression_ratio": 0.9142857142857143, "no_speech_prob": 0.3142145276069641}, {"id": 0, "seek": 0, "start": 2.0, "end": 4.0, "text": " Yes, 290.", "tokens": [1079, 11, 568, 7771, 13], "temperature": 0.0, "avg_logprob": -0.7962659200032552, "compression_ratio": 0.9142857142857143, "no_speech_prob": 0.3142145276069641}, {"id": 0, "seek": 0, "start": 4.0, "end": 6.0, "text": " Round of 20.", "tokens": [18525, 295, 945, 13], "temperature": 0.0, "avg_logprob": -0.7962659200032552, "compression_ratio": 0.9142857142857143, "no_speech_prob": 0.3142145276069641}], "language": "en"}