{"text": " Yes, yes, how many did Linda get on what Tony gave us together? How many did James specific it's okay? Okay, then James it's Yes, yes, how many did Linda get on what Tony gave us together? How many did James specific it's okay? Okay, then James it's", "segments": [{"id": 0, "seek": 0, "start": 0.0, "end": 9.620000000000001, "text": " Yes, yes, how many did Linda get on what Tony gave us together? How many did James specific it's okay?", "tokens": [1079, 11, 2086, 11, 577, 867, 630, 20324, 483, 322, 437, 10902, 2729, 505, 1214, 30, 1012, 867, 630, 5678, 2685, 309, 311, 1392, 30], "temperature": 0.0, "avg_logprob": -0.5000162654452853, "compression_ratio": 1.2277227722772277, "no_speech_prob": 0.3509165644645691}, {"id": 0, "seek": 0, "start": 10.120000000000001, "end": 12.120000000000001, "text": " Okay, then James it's", "tokens": [1033, 11, 550, 5678, 309, 311], "temperature": 0.0, "avg_logprob": -0.5000162654452853, "compression_ratio": 1.2277227722772277, "no_speech_prob": 0.3509165644645691}], "language": "en"}