{"text": " Can you help me? Yes, for chief, I did that before. Can you help me? Yes, for chief, I did that before.", "segments": [{"id": 0, "seek": 0, "start": 0.0, "end": 2.0, "text": " Can you help me?", "tokens": [1664, 291, 854, 385, 30], "temperature": 0.0, "avg_logprob": -0.7535460948944092, "compression_ratio": 0.8793103448275862, "no_speech_prob": 0.4068202078342438}, {"id": 0, "seek": 0, "start": 2.0, "end": 4.0, "text": " Yes, for chief, I did that before.", "tokens": [1079, 11, 337, 9588, 11, 286, 630, 300, 949, 13], "temperature": 0.0, "avg_logprob": -0.7535460948944092, "compression_ratio": 0.8793103448275862, "no_speech_prob": 0.4068202078342438}], "language": "en"}