{"text": " Can you repeat the question 40?", "segments": [{"id": 0, "seek": 0, "start": 0.0, "end": 2.0, "text": " Can you repeat the question 40?", "tokens": [1664, 291, 7149, 264, 1168, 3356, 30], "temperature": 0.0, "avg_logprob": -0.6424107074737548, "compression_ratio": 0.7948717948717948, "no_speech_prob": 0.1375797837972641}], "language": "en"}