{"text": " Yes, yeah, three, three, five, please.", "segments": [{"id": 0, "seek": 0, "start": 0.0, "end": 2.68, "text": " Yes, yeah, three, three, five, please.", "tokens": [1079, 11, 1338, 11, 1045, 11, 1045, 11, 1732, 11, 1767, 13], "temperature": 0.0, "avg_logprob": -0.5805412292480469, "compression_ratio": 1.027027027027027, "no_speech_prob": 0.13856737315654755}], "language": "en"}