{"text": " 310, 290.", "segments": [{"id": 0, "seek": 0, "start": 0.0, "end": 3.0, "text": " 310, 290.", "tokens": [805, 3279, 11, 568, 7771, 13], "temperature": 0.0, "avg_logprob": -0.5311066309611002, "compression_ratio": 0.5294117647058824, "no_speech_prob": 0.2208183854818344}], "language": "en"}