{"text": " No, can we skip this question? Sure. Love and students. Can we skip this question? No, can we skip this question? Sure. Love and students. Can we skip this question?", "segments": [{"id": 0, "seek": 0, "start": 0.0, "end": 1.84, "text": " No, can we skip this question?", "tokens": [883, 11, 393, 321, 10023, 341, 1168, 30], "temperature": 0.0, "avg_logprob": -0.5207623120011955, "compression_ratio": 1.2238805970149254, "no_speech_prob": 0.039698634296655655}, {"id": 0, "seek": 0, "start": 1.84, "end": 2.84, "text": " Sure.", "tokens": [4894, 13], "temperature": 0.0, "avg_logprob": -0.5207623120011955, "compression_ratio": 1.2238805970149254, "no_speech_prob": 0.039698634296655655}, {"id": 0, "seek": 0, "start": 2.84, "end": 4.08, "text": " Love and students.", "tokens": [5956, 293, 1731, 13], "temperature": 0.0, "avg_logprob": -0.5207623120011955, "compression_ratio": 1.2238805970149254, "no_speech_prob": 0.039698634296655655}, {"id": 0, "seek": 0, "start": 4.08, "end": 5.44, "text": " Can we skip this question?", "tokens": [1664, 321, 10023, 341, 1168, 30], "temperature": 0.0, "avg_logprob": -0.5207623120011955, "compression_ratio": 1.2238805970149254, "no_speech_prob": 0.039698634296655655}], "language": "en"}