{"text": " One and a half, yes. One and a half, yes please. One and a half, yes. One and a half, yes please.", "segments": [{"id": 0, "seek": 0, "start": 0.0, "end": 1.8800000000000001, "text": " One and a half, yes.", "tokens": [1485, 293, 257, 1922, 11, 2086, 13], "temperature": 0.0, "avg_logprob": -0.49176888465881347, "compression_ratio": 1.2, "no_speech_prob": 0.20416313409805298}, {"id": 0, "seek": 0, "start": 1.8800000000000001, "end": 3.48, "text": " One and a half, yes please.", "tokens": [1485, 293, 257, 1922, 11, 2086, 1767, 13], "temperature": 0.0, "avg_logprob": -0.49176888465881347, "compression_ratio": 1.2, "no_speech_prob": 0.20416313409805298}], "language": "en"}