{"text": " Yeah, 320, 290.", "segments": [{"id": 0, "seek": 0, "start": 0.0, "end": 2.0, "text": " Yeah, 320, 290.", "tokens": [865, 11, 42429, 11, 568, 7771, 13], "temperature": 0.0, "avg_logprob": -0.6595922470092773, "compression_ratio": 0.6521739130434783, "no_speech_prob": 0.2984505593776703}], "language": "en"}