{"text": " Yes, 11? Yes, please 75 times. I said that pepper. That was my first answer. Yes, 11? Yes, please 75 times. I said that pepper. That was my first answer.", "segments": [{"id": 0, "seek": 0, "start": 0.0, "end": 2.32, "text": " Yes, 11? Yes, please 75 times.", "tokens": [1079, 11, 2975, 30, 1079, 11, 1767, 9562, 1413, 13], "temperature": 0.0, "avg_logprob": -0.4745338880098783, "compression_ratio": 0.9743589743589743, "no_speech_prob": 0.11439002305269241}, {"id": 0, "seek": 0, "start": 2.32, "end": 4.24, "text": " I said that pepper. That was my first answer.", "tokens": [286, 848, 300, 8532, 13, 663, 390, 452, 700, 1867, 13], "temperature": 0.0, "avg_logprob": -0.4745338880098783, "compression_ratio": 0.9743589743589743, "no_speech_prob": 0.11439002305269241}], "language": "en"}