{"text": " Yes, he helped me. 290 Euro. 290 Euro. Yes, he helped me. 290 Euro. 290 Euro.", "segments": [{"id": 0, "seek": 0, "start": 0.0, "end": 2.0, "text": " Yes, he helped me.", "tokens": [1079, 11, 415, 4254, 385, 13], "temperature": 0.0, "avg_logprob": -0.6059732891264415, "compression_ratio": 1.0857142857142856, "no_speech_prob": 0.243415966629982}, {"id": 0, "seek": 0, "start": 2.0, "end": 4.0, "text": " 290 Euro.", "tokens": [568, 7771, 3010, 13], "temperature": 0.0, "avg_logprob": -0.6059732891264415, "compression_ratio": 1.0857142857142856, "no_speech_prob": 0.243415966629982}, {"id": 0, "seek": 0, "start": 4.0, "end": 6.0, "text": " 290 Euro.", "tokens": [568, 7771, 3010, 13], "temperature": 0.0, "avg_logprob": -0.6059732891264415, "compression_ratio": 1.0857142857142856, "no_speech_prob": 0.243415966629982}], "language": "en"}