{"text": " No, yes, I don't know. We don't know. We can't know. Okay. No, yes, I don't know. We don't know. We can't know. Okay.", "segments": [{"id": 0, "seek": 0, "start": 0.0, "end": 2.92, "text": " No, yes, I don't know. We don't know. We can't know.", "tokens": [883, 11, 2086, 11, 286, 500, 380, 458, 13, 492, 500, 380, 458, 13, 492, 393, 380, 458, 13], "temperature": 0.0, "avg_logprob": -0.60355622951801, "compression_ratio": 1.3488372093023255, "no_speech_prob": 0.18991507589817047}, {"id": 0, "seek": 0, "start": 4.36, "end": 4.68, "text": " Okay.", "tokens": [1033, 13], "temperature": 0.0, "avg_logprob": -0.60355622951801, "compression_ratio": 1.3488372093023255, "no_speech_prob": 0.18991507589817047}], "language": "en"}