{"text": " The answer is 380 L, 290.", "segments": [{"id": 0, "seek": 0, "start": 0.0, "end": 4.0, "text": " The answer is 380 L, 290.", "tokens": [440, 1867, 307, 805, 4702, 441, 11, 568, 7771, 13], "temperature": 0.0, "avg_logprob": -0.7616776686448318, "compression_ratio": 0.7575757575757576, "no_speech_prob": 0.04644003510475159}], "language": "en"}