{"text": " Yes, nice. Yes, I don't know. No. Yes.", "segments": [{"id": 0, "seek": 0, "start": 0.0, "end": 3.0, "text": " Yes, nice. Yes, I don't know. No. Yes.", "tokens": [1079, 11, 1481, 13, 1079, 11, 286, 500, 380, 458, 13, 883, 13, 1079, 13], "temperature": 0.0, "avg_logprob": -0.569357607099745, "compression_ratio": 0.95, "no_speech_prob": 0.25437793135643005}], "language": "en"}