{"text": " Yes, yeah, 45, 45 students, 105 students, 105, 105 students, it's your God's student, 55. Yes, yeah, 45, 45 students, 105 students, 105, 105 students, it's your God's student, 55.", "segments": [{"id": 0, "seek": 0, "start": 0.0, "end": 7.2, "text": " Yes, yeah, 45, 45 students, 105 students, 105, 105 students, it's your God's", "tokens": [1079, 11, 1338, 11, 6905, 11, 6905, 1731, 11, 33705, 1731, 11, 33705, 11, 33705, 1731, 11, 309, 311, 428, 1265, 311], "temperature": 0.0, "avg_logprob": -0.5859369462536227, "compression_ratio": 1.4833333333333334, "no_speech_prob": 0.11146485060453415}, {"id": 0, "seek": 0, "start": 7.2, "end": 8.24, "text": " student, 55.", "tokens": [3107, 11, 12330, 13], "temperature": 0.0, "avg_logprob": -0.5859369462536227, "compression_ratio": 1.4833333333333334, "no_speech_prob": 0.11146485060453415}], "language": "en"}