{"text": " Yeah, wait.", "segments": [{"id": 0, "seek": 0, "start": 0.0, "end": 1.0, "text": " Yeah, wait.", "tokens": [865, 11, 1699, 13], "temperature": 0.0, "avg_logprob": -0.939502375466483, "compression_ratio": 0.5789473684210527, "no_speech_prob": 0.36801859736442566}], "language": "en"}