{"text": " Yeah, no, I ain't that straight now.", "segments": [{"id": 0, "seek": 0, "start": 0.0, "end": 2.0, "text": " Yeah, no, I ain't that straight now.", "tokens": [865, 11, 572, 11, 286, 7862, 380, 300, 2997, 586, 13], "temperature": 0.0, "avg_logprob": -0.873586927141462, "compression_ratio": 0.8372093023255814, "no_speech_prob": 0.15443702042102814}], "language": "en"}