{"text": " Can you help me out with the question? Yeah, alright, 40. Can you help me out with the question? Yeah, alright, 40.", "segments": [{"id": 0, "seek": 0, "start": 0.0, "end": 3.0, "text": " Can you help me out with the question?", "tokens": [1664, 291, 854, 385, 484, 365, 264, 1168, 30], "temperature": 0.0, "avg_logprob": -0.6239454269409179, "compression_ratio": 0.8769230769230769, "no_speech_prob": 0.16073322296142578}, {"id": 0, "seek": 0, "start": 3.0, "end": 5.0, "text": " Yeah, alright, 40.", "tokens": [865, 11, 5845, 11, 3356, 13], "temperature": 0.0, "avg_logprob": -0.6239454269409179, "compression_ratio": 0.8769230769230769, "no_speech_prob": 0.16073322296142578}], "language": "en"}