{"text": " Yes. Okay, this is one. Ready? Yup, okay. Yes. Okay, this is one. Ready? Yup, okay.", "segments": [{"id": 0, "seek": 0, "start": 0.0, "end": 1.0, "text": " Yes.", "tokens": [1079, 13], "temperature": 0.0, "avg_logprob": -0.8106206810992697, "compression_ratio": 0.8913043478260869, "no_speech_prob": 0.09362635016441345}, {"id": 0, "seek": 0, "start": 1.0, "end": 3.0, "text": " Okay, this is one.", "tokens": [1033, 11, 341, 307, 472, 13], "temperature": 0.0, "avg_logprob": -0.8106206810992697, "compression_ratio": 0.8913043478260869, "no_speech_prob": 0.09362635016441345}, {"id": 0, "seek": 0, "start": 3.0, "end": 4.0, "text": " Ready?", "tokens": [9944, 30], "temperature": 0.0, "avg_logprob": -0.8106206810992697, "compression_ratio": 0.8913043478260869, "no_speech_prob": 0.09362635016441345}, {"id": 0, "seek": 0, "start": 4.0, "end": 5.0, "text": " Yup, okay.", "tokens": [13593, 11, 1392, 13], "temperature": 0.0, "avg_logprob": -0.8106206810992697, "compression_ratio": 0.8913043478260869, "no_speech_prob": 0.09362635016441345}], "language": "en"}