{"text": " Yes, yes, five, no, four and five. There's no damage. No, 50. Yes, yes, five, no, four and five. There's no damage. No, 50.", "segments": [{"id": 0, "seek": 0, "start": 0.0, "end": 4.0, "text": " Yes, yes, five, no, four and five.", "tokens": [1079, 11, 2086, 11, 1732, 11, 572, 11, 1451, 293, 1732, 13], "temperature": 0.0, "avg_logprob": -0.8333415303911481, "compression_ratio": 1.0338983050847457, "no_speech_prob": 0.4243224263191223}, {"id": 0, "seek": 0, "start": 4.0, "end": 6.0, "text": " There's no damage.", "tokens": [821, 311, 572, 4344, 13], "temperature": 0.0, "avg_logprob": -0.8333415303911481, "compression_ratio": 1.0338983050847457, "no_speech_prob": 0.4243224263191223}, {"id": 0, "seek": 0, "start": 6.0, "end": 8.0, "text": " No, 50.", "tokens": [883, 11, 2625, 13], "temperature": 0.0, "avg_logprob": -0.8333415303911481, "compression_ratio": 1.0338983050847457, "no_speech_prob": 0.4243224263191223}], "language": "en"}