{"text": " Yes, 40.", "segments": [{"id": 0, "seek": 0, "start": 0.0, "end": 1.0, "text": " Yes, 40.", "tokens": [1079, 11, 3356, 13], "temperature": 0.0, "avg_logprob": -0.9325143950326102, "compression_ratio": 0.5, "no_speech_prob": 0.24565726518630981}], "language": "es"}