{"text": " Thirty.", "segments": [{"id": 0, "seek": 0, "start": 0.0, "end": 1.36, "text": " Thirty.", "tokens": [41490, 13], "temperature": 1.0, "avg_logprob": -2.3457311630249023, "compression_ratio": 0.4666666666666667, "no_speech_prob": 0.4296581447124481}], "language": "en"}