{"text": " Can you repeat the final round by again?", "segments": [{"id": 0, "seek": 0, "start": 0.0, "end": 2.0, "text": " Can you repeat the final round by again?", "tokens": [1664, 291, 7149, 264, 2572, 3098, 538, 797, 30], "temperature": 0.0, "avg_logprob": -0.6041656335194906, "compression_ratio": 0.8333333333333334, "no_speech_prob": 0.23380163311958313}], "language": "en"}