{"text": " transformation of the toe and its toe and andwe", "segments": [{"id": 0, "seek": 0, "start": 0.0, "end": 4.72, "text": " transformation of the toe and its toe and andwe", "tokens": [9887, 295, 264, 13976, 293, 1080, 13976, 293, 293, 826], "temperature": 1.0, "avg_logprob": -4.787061544565054, "compression_ratio": 1.0217391304347827, "no_speech_prob": 0.09489388763904572}], "language": "en"}