{"text": " I go with firework, I just go with firework, I saw it picked.", "segments": [{"id": 0, "seek": 0, "start": 0.0, "end": 8.5, "text": " I go with firework, I just go with firework, I saw it picked.", "tokens": [286, 352, 365, 2610, 1902, 11, 286, 445, 352, 365, 2610, 1902, 11, 286, 1866, 309, 6183, 13], "temperature": 0.0, "avg_logprob": -0.9741487957182384, "compression_ratio": 1.22, "no_speech_prob": 0.22118821740150452}], "language": "en"}