{"text": "\ufffd 34 34\ufffd 34 34", "segments": [{"id": 0, "seek": 0, "start": 0.0, "end": 1.1, "text": "\ufffd", "tokens": [248], "temperature": 1.0, "avg_logprob": -2.3604509353637697, "compression_ratio": 0.5625, "no_speech_prob": 0.5891862511634827}, {"id": 0, "seek": 0, "start": 1.1, "end": 2.2, "text": " 34", "tokens": [12790], "temperature": 1.0, "avg_logprob": -2.3604509353637697, "compression_ratio": 0.5625, "no_speech_prob": 0.5891862511634827}, {"id": 0, "seek": 0, "start": 2.2, "end": 2.68, "text": " 34", "tokens": [12790], "temperature": 1.0, "avg_logprob": -2.3604509353637697, "compression_ratio": 0.5625, "no_speech_prob": 0.5891862511634827}], "language": "en"}