{"text": " Can you repeat? Be 14? Can you repeat? Be 14?", "segments": [{"id": 0, "seek": 0, "start": 0.0, "end": 3.0, "text": " Can you repeat?", "tokens": [1664, 291, 7149, 30], "temperature": 0.0, "avg_logprob": -0.8876876831054688, "compression_ratio": 0.7333333333333333, "no_speech_prob": 0.12610597908496857}, {"id": 0, "seek": 0, "start": 3.0, "end": 4.0, "text": " Be 14?", "tokens": [879, 3499, 30], "temperature": 0.0, "avg_logprob": -0.8876876831054688, "compression_ratio": 0.7333333333333333, "no_speech_prob": 0.12610597908496857}], "language": "en"}