{"text": " Next question. Yep, 34 euros.", "segments": [{"id": 0, "seek": 0, "start": 0.0, "end": 3.0, "text": " Next question. Yep, 34 euros.", "tokens": [3087, 1168, 13, 7010, 11, 12790, 14160, 13], "temperature": 0.0, "avg_logprob": -0.678028019991788, "compression_ratio": 0.7837837837837838, "no_speech_prob": 0.2810980975627899}], "language": "en"}