{"text": " So it was the next one, I did like 26, 26, 10 year period, which I'm so I'll be 24, 24.", "segments": [{"id": 0, "seek": 0, "start": 0.0, "end": 8.88, "text": " So it was the next one, I did like 26, 26, 10 year period, which I'm so I'll be 24, 24.", "tokens": [407, 309, 390, 264, 958, 472, 11, 286, 630, 411, 7551, 11, 7551, 11, 1266, 1064, 2896, 11, 597, 286, 478, 370, 286, 603, 312, 4022, 11, 4022, 13], "temperature": 0.0, "avg_logprob": -0.8850597143173218, "compression_ratio": 1.0, "no_speech_prob": 0.20808063447475433}], "language": "en"}