{"text": " 15, I think. It's alright. 15, I think. It's alright.", "segments": [{"id": 0, "seek": 0, "start": 0.0, "end": 2.0, "text": " 15, I think.", "tokens": [2119, 11, 286, 519, 13], "temperature": 0.0, "avg_logprob": -0.7405615534101214, "compression_ratio": 0.7647058823529411, "no_speech_prob": 0.21324177086353302}, {"id": 0, "seek": 0, "start": 2.0, "end": 3.0, "text": " It's alright.", "tokens": [467, 311, 5845, 13], "temperature": 0.0, "avg_logprob": -0.7405615534101214, "compression_ratio": 0.7647058823529411, "no_speech_prob": 0.21324177086353302}], "language": "en"}