{"text": " that the that the", "segments": [{"id": 0, "seek": 0, "start": 0.0, "end": 23.94, "text": " that", "tokens": [300], "temperature": 1.0, "avg_logprob": -3.4141910076141357, "compression_ratio": 0.5, "no_speech_prob": 0.5896217823028564}, {"id": 0, "seek": 0, "start": 23.94, "end": 25.080000000000002, "text": " the", "tokens": [264], "temperature": 1.0, "avg_logprob": -3.4141910076141357, "compression_ratio": 0.5, "no_speech_prob": 0.5896217823028564}], "language": "en"}