{"text": " So there are 15 students in the background with the ranks cut.", "segments": [{"id": 0, "seek": 0, "start": 0.0, "end": 4.0, "text": " So there are 15 students in the background with the ranks cut.", "tokens": [407, 456, 366, 2119, 1731, 294, 264, 3678, 365, 264, 21406, 1723, 13], "temperature": 0.0, "avg_logprob": -0.7851521372795105, "compression_ratio": 0.9841269841269841, "no_speech_prob": 0.013342834077775478}], "language": "en"}