{"text": " 10 boys and 30 girls. There are 40 students in the choir.", "segments": [{"id": 0, "seek": 0, "start": 0.0, "end": 5.0, "text": " 10 boys and 30 girls. There are 40 students in the choir.", "tokens": [1266, 6347, 293, 2217, 4519, 13, 821, 366, 3356, 1731, 294, 264, 31244, 13], "temperature": 0.0, "avg_logprob": -0.36565014895270853, "compression_ratio": 0.9047619047619048, "no_speech_prob": 0.02105727419257164}], "language": "en"}