{"text": " So it's 50 euro minus 16 euro which is 34, I guess 34 euro.", "segments": [{"id": 0, "seek": 0, "start": 0.0, "end": 6.28, "text": " So it's 50 euro minus 16 euro which is 34, I guess 34 euro.", "tokens": [407, 309, 311, 2625, 14206, 3175, 3165, 14206, 597, 307, 12790, 11, 286, 2041, 12790, 14206, 13], "temperature": 0.0, "avg_logprob": -0.5213362216949463, "compression_ratio": 1.0350877192982457, "no_speech_prob": 0.11237595230340958}], "language": "en"}