{"text": " No problems, my friend.", "segments": [{"id": 0, "seek": 0, "start": 0.0, "end": 7.0, "text": " No problems, my friend.", "tokens": [883, 2740, 11, 452, 1277, 13], "temperature": 0.0, "avg_logprob": -0.8500279320610894, "compression_ratio": 0.7419354838709677, "no_speech_prob": 0.20203809440135956}], "language": "en"}