{"text": " Yes, and you repeat 34.", "segments": [{"id": 0, "seek": 0, "start": 0.0, "end": 2.0, "text": " Yes, and you repeat 34.", "tokens": [1079, 11, 293, 291, 7149, 12790, 13], "temperature": 0.0, "avg_logprob": -0.49807395935058596, "compression_ratio": 0.7419354838709677, "no_speech_prob": 0.0564403161406517}], "language": "en"}