{"text": " I repeat it, start to fold.", "segments": [{"id": 0, "seek": 0, "start": 0.0, "end": 2.0, "text": " I repeat it, start to fold.", "tokens": [286, 7149, 309, 11, 722, 281, 4860, 13], "temperature": 0.0, "avg_logprob": -0.7694614583795721, "compression_ratio": 0.7714285714285715, "no_speech_prob": 0.09881947189569473}], "language": "en"}