{"text": " Pepper what is 50 minus 16 pepper what is 50 minus 16 thank you", "segments": [{"id": 0, "seek": 0, "start": 0.0, "end": 8.56, "text": " Pepper what is 50 minus 16 pepper what is 50 minus 16 thank you", "tokens": [30231, 437, 307, 2625, 3175, 3165, 8532, 437, 307, 2625, 3175, 3165, 1309, 291], "temperature": 0.0, "avg_logprob": -0.5027910120346967, "compression_ratio": 1.3404255319148937, "no_speech_prob": 0.09802418202161789}], "language": "en"}