{"text": " Can you replace it? It's hard to...", "segments": [{"id": 0, "seek": 0, "start": 0.0, "end": 3.0, "text": " Can you replace it? It's hard to...", "tokens": [1664, 291, 7406, 309, 30, 467, 311, 1152, 281, 485], "temperature": 0.0, "avg_logprob": -0.7821781451885517, "compression_ratio": 0.813953488372093, "no_speech_prob": 0.1373218446969986}], "language": "en"}