{"text": " Mmmmm, 15.", "segments": [{"id": 0, "seek": 0, "start": 0.0, "end": 2.6, "text": " Mmmmm, 15.", "tokens": [12146, 2174, 11, 2119, 13], "temperature": 1.0, "avg_logprob": -1.2879530191421509, "compression_ratio": 0.625, "no_speech_prob": 0.3620920479297638}], "language": "en"}