{"text": " Can you repeat the question? 4204T. 4T is my answer. I think I am. No. Can you repeat the question? 4204T. 4T is my answer. I think I am. No.", "segments": [{"id": 0, "seek": 0, "start": 0.0, "end": 2.0, "text": " Can you repeat the question?", "tokens": [1664, 291, 7149, 264, 1168, 30], "temperature": 0.0, "avg_logprob": -0.49673641089237097, "compression_ratio": 0.9333333333333333, "no_speech_prob": 0.06259805709123611}, {"id": 0, "seek": 0, "start": 2.0, "end": 4.0, "text": " 4204T.", "tokens": [1017, 2009, 19, 51, 13], "temperature": 0.0, "avg_logprob": -0.49673641089237097, "compression_ratio": 0.9333333333333333, "no_speech_prob": 0.06259805709123611}, {"id": 0, "seek": 0, "start": 4.0, "end": 6.0, "text": " 4T is my answer. I think I am.", "tokens": [1017, 51, 307, 452, 1867, 13, 286, 519, 286, 669, 13], "temperature": 0.0, "avg_logprob": -0.49673641089237097, "compression_ratio": 0.9333333333333333, "no_speech_prob": 0.06259805709123611}, {"id": 0, "seek": 0, "start": 6.0, "end": 7.0, "text": " No.", "tokens": [883, 13], "temperature": 0.0, "avg_logprob": -0.49673641089237097, "compression_ratio": 0.9333333333333333, "no_speech_prob": 0.06259805709123611}], "language": "en"}