{"text": " 40. Okay, give me the repeat question please. 40. Yeah, 40. But I will stick with 40. Maybe you're right. I don't know. Is it not 40? How many isn't that? It's 40 because you said that there's twice as many 40. Okay, give me the repeat question please. 40. Yeah, 40. But I will stick with 40. Maybe you're right. I don't know. Is it not 40? How many isn't that? It's 40 because you said that there's twice as many at low things because my arms are the same.", "segments": [{"id": 0, "seek": 0, "start": 0.0, "end": 8.0, "text": " 40. Okay, give me the repeat question please. 40. Yeah, 40. But I will stick with 40. Maybe you're right.", "tokens": [3356, 13, 1033, 11, 976, 385, 264, 7149, 1168, 1767, 13, 3356, 13, 865, 11, 3356, 13, 583, 286, 486, 2897, 365, 3356, 13, 2704, 291, 434, 558, 13], "temperature": 0.0, "avg_logprob": -0.48309610760401167, "compression_ratio": 1.3376623376623376, "no_speech_prob": 0.38193753361701965}, {"id": 0, "seek": 0, "start": 8.0, "end": 14.48, "text": " I don't know. Is it not 40? How many isn't that? It's 40 because you said that there's twice as many", "tokens": [286, 500, 380, 458, 13, 1119, 309, 406, 3356, 30, 1012, 867, 1943, 380, 300, 30, 467, 311, 3356, 570, 291, 848, 300, 456, 311, 6091, 382, 867], "temperature": 0.0, "avg_logprob": -0.48309610760401167, "compression_ratio": 1.3376623376623376, "no_speech_prob": 0.38193753361701965}, {"id": 2, "seek": 1448, "start": 14.48, "end": 16.48, "text": " at low things because my arms are the same.", "tokens": [412, 2295, 721, 570, 452, 5812, 366, 264, 912, 13], "temperature": 0.0, "avg_logprob": -0.5901605899517353, "compression_ratio": 0.8958333333333334, "no_speech_prob": 0.3088347613811493}], "language": "en"}