{"text": " 6-3-3 minutes repeat the last question 20 minutes", "segments": [{"id": 0, "seek": 0, "start": 0.0, "end": 7.0, "text": " 6-3-3 minutes repeat the last question 20 minutes", "tokens": [1386, 12, 18, 12, 18, 2077, 7149, 264, 1036, 1168, 945, 2077], "temperature": 0.0, "avg_logprob": -0.9083473841349284, "compression_ratio": 0.9607843137254902, "no_speech_prob": 0.1626179963350296}], "language": "en"}