{"text": " 50k, 53k, here. One to the next place. 50k, 53k, here. One to the next place.", "segments": [{"id": 0, "seek": 0, "start": 0.0, "end": 3.0, "text": " 50k, 53k, here.", "tokens": [2625, 74, 11, 21860, 74, 11, 510, 13], "temperature": 0.0, "avg_logprob": -0.9927945387990851, "compression_ratio": 0.8636363636363636, "no_speech_prob": 0.2980750799179077}, {"id": 0, "seek": 0, "start": 3.0, "end": 4.0, "text": " One to the next place.", "tokens": [1485, 281, 264, 958, 1081, 13], "temperature": 0.0, "avg_logprob": -0.9927945387990851, "compression_ratio": 0.8636363636363636, "no_speech_prob": 0.2980750799179077}], "language": "en"}