{"text": " Thank you, Lord, on ice cream and two under. Six years, you get any magic show. You got two years over. Thank you, Lord, on ice cream and two under. Six years, you get any magic show. You got two years over.", "segments": [{"id": 0, "seek": 0, "start": 0.0, "end": 2.5, "text": " Thank you, Lord, on ice cream and two under.", "tokens": [1044, 291, 11, 3257, 11, 322, 4435, 4689, 293, 732, 833, 13], "temperature": 0.0, "avg_logprob": -0.9903662064496208, "compression_ratio": 1.1444444444444444, "no_speech_prob": 0.3393802046775818}, {"id": 0, "seek": 0, "start": 2.5, "end": 5.0, "text": " Six years, you get any magic show.", "tokens": [11678, 924, 11, 291, 483, 604, 5585, 855, 13], "temperature": 0.0, "avg_logprob": -0.9903662064496208, "compression_ratio": 1.1444444444444444, "no_speech_prob": 0.3393802046775818}, {"id": 0, "seek": 0, "start": 7.0, "end": 9.0, "text": " You got two years over.", "tokens": [509, 658, 732, 924, 670, 13], "temperature": 0.0, "avg_logprob": -0.9903662064496208, "compression_ratio": 1.1444444444444444, "no_speech_prob": 0.3393802046775818}], "language": "en"}