{"text": " 40 40 and you repeat 40 okay 30", "segments": [{"id": 0, "seek": 0, "start": 0.0, "end": 4.8, "text": " 40 40 and you repeat 40 okay 30", "tokens": [3356, 3356, 293, 291, 7149, 3356, 1392, 2217], "temperature": 0.0, "avg_logprob": -0.9383377595381304, "compression_ratio": 0.8378378378378378, "no_speech_prob": 0.2749403715133667}], "language": "en"}