{"text": " Did you repeat the question? Or she is student, 20 students, yes, 40 students. So. Did you repeat the question? Or she is student, 20 students, yes, 40 students. So.", "segments": [{"id": 0, "seek": 0, "start": 0.0, "end": 1.16, "text": " Did you repeat the question?", "tokens": [2589, 291, 7149, 264, 1168, 30], "temperature": 0.0, "avg_logprob": -0.5828987530299595, "compression_ratio": 1.1232876712328768, "no_speech_prob": 0.04324343800544739}, {"id": 0, "seek": 0, "start": 1.16, "end": 4.88, "text": " Or she is student, 20 students, yes, 40 students.", "tokens": [1610, 750, 307, 3107, 11, 945, 1731, 11, 2086, 11, 3356, 1731, 13], "temperature": 0.0, "avg_logprob": -0.5828987530299595, "compression_ratio": 1.1232876712328768, "no_speech_prob": 0.04324343800544739}, {"id": 0, "seek": 0, "start": 4.88, "end": 5.38, "text": " So.", "tokens": [407, 13], "temperature": 0.0, "avg_logprob": -0.5828987530299595, "compression_ratio": 1.1232876712328768, "no_speech_prob": 0.04324343800544739}], "language": "en"}