{"text": " 45 45", "segments": [{"id": 0, "seek": 0, "start": 0.0, "end": 2.0, "text": " 45 45", "tokens": [6905, 6905], "temperature": 0.0, "avg_logprob": -0.7881272315979004, "compression_ratio": 0.38461538461538464, "no_speech_prob": 0.582444429397583}], "language": "en"}