{"text": " You repeat again no. Or, um, buy it. You repeat again. Say, you make no sense, Pepper. You repeat again no. Or, um, buy it. You repeat again. Say, you make no sense, Pepper.", "segments": [{"id": 0, "seek": 0, "start": 0.0, "end": 1.0, "text": " You repeat again no.", "tokens": [509, 7149, 797, 572, 13], "temperature": 0.2, "avg_logprob": -0.8070106506347656, "compression_ratio": 1.1168831168831168, "no_speech_prob": 0.30794471502304077}, {"id": 0, "seek": 0, "start": 1.0, "end": 2.0, "text": " Or, um, buy it.", "tokens": [1610, 11, 1105, 11, 2256, 309, 13], "temperature": 0.2, "avg_logprob": -0.8070106506347656, "compression_ratio": 1.1168831168831168, "no_speech_prob": 0.30794471502304077}, {"id": 0, "seek": 0, "start": 6.0, "end": 7.0, "text": " You repeat again.", "tokens": [509, 7149, 797, 13], "temperature": 0.2, "avg_logprob": -0.8070106506347656, "compression_ratio": 1.1168831168831168, "no_speech_prob": 0.30794471502304077}, {"id": 0, "seek": 0, "start": 7.0, "end": 9.0, "text": " Say, you make no sense, Pepper.", "tokens": [6463, 11, 291, 652, 572, 2020, 11, 30231, 13], "temperature": 0.2, "avg_logprob": -0.8070106506347656, "compression_ratio": 1.1168831168831168, "no_speech_prob": 0.30794471502304077}], "language": "en"}