{"text": " Can you repeat? It's 6.15. 30 minutes? Second question. 40 minutes? 40 minutes. Yeah. No. Can you repeat? It's 6.15. 30 minutes? Second question. 40 minutes? 40 minutes. Yeah. No.", "segments": [{"id": 0, "seek": 0, "start": 0.0, "end": 3.16, "text": " Can you repeat? It's 6.15. 30 minutes?", "tokens": [1664, 291, 7149, 30, 467, 311, 1386, 13, 5211, 13, 2217, 2077, 30], "temperature": 0.0, "avg_logprob": -0.7188621520996094, "compression_ratio": 1.1265822784810127, "no_speech_prob": 0.1749122589826584}, {"id": 0, "seek": 0, "start": 3.64, "end": 6.140000000000001, "text": " Second question. 40 minutes? 40 minutes.", "tokens": [5736, 1168, 13, 3356, 2077, 30, 3356, 2077, 13], "temperature": 0.0, "avg_logprob": -0.7188621520996094, "compression_ratio": 1.1265822784810127, "no_speech_prob": 0.1749122589826584}, {"id": 0, "seek": 0, "start": 6.140000000000001, "end": 7.140000000000001, "text": " Yeah.", "tokens": [865, 13], "temperature": 0.0, "avg_logprob": -0.7188621520996094, "compression_ratio": 1.1265822784810127, "no_speech_prob": 0.1749122589826584}, {"id": 0, "seek": 0, "start": 7.140000000000001, "end": 8.14, "text": " No.", "tokens": [883, 13], "temperature": 0.0, "avg_logprob": -0.7188621520996094, "compression_ratio": 1.1265822784810127, "no_speech_prob": 0.1749122589826584}], "language": "en"}