{"text": " Can you repeat? Can you repeat? 45, 45, 45, 48, 3, no, no.", "segments": [{"id": 0, "seek": 0, "start": 0.0, "end": 7.0, "text": " Can you repeat? Can you repeat? 45, 45, 45, 48, 3, no, no.", "tokens": [1664, 291, 7149, 30, 1664, 291, 7149, 30, 6905, 11, 6905, 11, 6905, 11, 11174, 11, 805, 11, 572, 11, 572, 13], "temperature": 0.0, "avg_logprob": -0.4425724792480469, "compression_ratio": 1.380952380952381, "no_speech_prob": 0.28221043944358826}], "language": "en"}