{"text": " and you repeat, you repeat 30, 50, yes 40, no, no.", "segments": [{"id": 0, "seek": 0, "start": 0.0, "end": 7.0, "text": " and you repeat, you repeat 30, 50, yes 40, no, no.", "tokens": [293, 291, 7149, 11, 291, 7149, 2217, 11, 2625, 11, 2086, 3356, 11, 572, 11, 572, 13], "temperature": 0.0, "avg_logprob": -0.4941717147827148, "compression_ratio": 1.1627906976744187, "no_speech_prob": 0.09930295497179031}], "language": "en"}