{"text": " Or could you repeat the question? Could you repeat the first question? Six, zero, two, no. Or could you repeat the question? Could you repeat the first question? Six, zero, two, no.", "segments": [{"id": 0, "seek": 0, "start": 0.0, "end": 2.24, "text": " Or could you repeat the question?", "tokens": [1610, 727, 291, 7149, 264, 1168, 30], "temperature": 0.0, "avg_logprob": -0.35711104294349405, "compression_ratio": 1.2857142857142858, "no_speech_prob": 0.06107943505048752}, {"id": 0, "seek": 0, "start": 2.24, "end": 5.2, "text": " Could you repeat the first question?", "tokens": [7497, 291, 7149, 264, 700, 1168, 30], "temperature": 0.0, "avg_logprob": -0.35711104294349405, "compression_ratio": 1.2857142857142858, "no_speech_prob": 0.06107943505048752}, {"id": 0, "seek": 0, "start": 5.2, "end": 8.08, "text": " Six, zero, two, no.", "tokens": [11678, 11, 4018, 11, 732, 11, 572, 13], "temperature": 0.0, "avg_logprob": -0.35711104294349405, "compression_ratio": 1.2857142857142858, "no_speech_prob": 0.06107943505048752}], "language": "en"}