{"text": " 45, 45, can you repeat? 6, not sure, not sure. Yes, 5, 11, no, no. 45, 45, can you repeat? 6, not sure, not sure. Yes, 5, 11, no, no.", "segments": [{"id": 0, "seek": 0, "start": 0.0, "end": 4.24, "text": " 45, 45, can you repeat?", "tokens": [6905, 11, 6905, 11, 393, 291, 7149, 30], "temperature": 0.0, "avg_logprob": -0.6202449798583984, "compression_ratio": 1.1379310344827587, "no_speech_prob": 0.2080526202917099}, {"id": 0, "seek": 0, "start": 4.24, "end": 7.5600000000000005, "text": " 6, not sure, not sure.", "tokens": [1386, 11, 406, 988, 11, 406, 988, 13], "temperature": 0.0, "avg_logprob": -0.6202449798583984, "compression_ratio": 1.1379310344827587, "no_speech_prob": 0.2080526202917099}, {"id": 0, "seek": 0, "start": 7.5600000000000005, "end": 13.6, "text": " Yes, 5, 11, no, no.", "tokens": [1079, 11, 1025, 11, 2975, 11, 572, 11, 572, 13], "temperature": 0.0, "avg_logprob": -0.6202449798583984, "compression_ratio": 1.1379310344827587, "no_speech_prob": 0.2080526202917099}], "language": "en"}