{"text": " Can you repeat? Can you repeat at 5.45.55 minutes? No. Can you repeat? Can you repeat at 5.45.55 minutes? No.", "segments": [{"id": 0, "seek": 0, "start": 0.0, "end": 2.0, "text": " Can you repeat?", "tokens": [1664, 291, 7149, 30], "temperature": 0.0, "avg_logprob": -0.6657915910085043, "compression_ratio": 1.1020408163265305, "no_speech_prob": 0.14381389319896698}, {"id": 0, "seek": 0, "start": 2.0, "end": 8.0, "text": " Can you repeat at 5.45.55 minutes?", "tokens": [1664, 291, 7149, 412, 1025, 13, 8465, 13, 13622, 2077, 30], "temperature": 0.0, "avg_logprob": -0.6657915910085043, "compression_ratio": 1.1020408163265305, "no_speech_prob": 0.14381389319896698}, {"id": 0, "seek": 0, "start": 8.0, "end": 9.0, "text": " No.", "tokens": [883, 13], "temperature": 0.0, "avg_logprob": -0.6657915910085043, "compression_ratio": 1.1020408163265305, "no_speech_prob": 0.14381389319896698}], "language": "en"}