{"text": " Can you repeat? 6 euro, not your can you repeat? 8 euro? At least? No, no. Can you repeat? 6 euro, not your can you repeat? 8 euro? At least? No, no.", "segments": [{"id": 0, "seek": 0, "start": 0.0, "end": 2.0, "text": " Can you repeat?", "tokens": [1664, 291, 7149, 30], "temperature": 0.0, "avg_logprob": -0.6880665421485901, "compression_ratio": 1.2333333333333334, "no_speech_prob": 0.1277184635400772}, {"id": 0, "seek": 0, "start": 4.0, "end": 9.0, "text": " 6 euro, not your can you repeat? 8 euro?", "tokens": [1386, 14206, 11, 406, 428, 393, 291, 7149, 30, 1649, 14206, 30], "temperature": 0.0, "avg_logprob": -0.6880665421485901, "compression_ratio": 1.2333333333333334, "no_speech_prob": 0.1277184635400772}, {"id": 0, "seek": 0, "start": 9.0, "end": 10.0, "text": " At least?", "tokens": [1711, 1935, 30], "temperature": 0.0, "avg_logprob": -0.6880665421485901, "compression_ratio": 1.2333333333333334, "no_speech_prob": 0.1277184635400772}, {"id": 0, "seek": 0, "start": 10.0, "end": 11.0, "text": " No, no.", "tokens": [883, 11, 572, 13], "temperature": 0.0, "avg_logprob": -0.6880665421485901, "compression_ratio": 1.2333333333333334, "no_speech_prob": 0.1277184635400772}], "language": "en"}