{"text": " Can you repeat the question? 40. 60. Do you want me? 100. No. No. No. I found that. So no. Yeah, repeat it. Can you repeat the question? 40. 60. Do you want me? 100. No. No. No. I found that. So no. Yeah, repeat it.", "segments": [{"id": 0, "seek": 0, "start": 0.0, "end": 4.0, "text": " Can you repeat the question? 40. 60. Do you want me?", "tokens": [1664, 291, 7149, 264, 1168, 30, 3356, 13, 4060, 13, 1144, 291, 528, 385, 30], "temperature": 0.0, "avg_logprob": -0.5403197765350342, "compression_ratio": 1.1505376344086022, "no_speech_prob": 0.20832239091396332}, {"id": 0, "seek": 0, "start": 6.0, "end": 12.0, "text": " 100. No. No. No. I found that. So no. Yeah, repeat it.", "tokens": [2319, 13, 883, 13, 883, 13, 883, 13, 286, 1352, 300, 13, 407, 572, 13, 865, 11, 7149, 309, 13], "temperature": 0.0, "avg_logprob": -0.5403197765350342, "compression_ratio": 1.1505376344086022, "no_speech_prob": 0.20832239091396332}], "language": "en"}