{"text": " 650 water passes 6 20 minutes the second one 55 minutes okay let's go next go to next", "segments": [{"id": 0, "seek": 0, "start": 0.0, "end": 7.76, "text": " 650 water passes 6 20 minutes the second one 55 minutes okay let's go next go to next", "tokens": [38566, 1281, 11335, 1386, 945, 2077, 264, 1150, 472, 12330, 2077, 1392, 718, 311, 352, 958, 352, 281, 958], "temperature": 0.0, "avg_logprob": -0.48884118687022815, "compression_ratio": 1.1333333333333333, "no_speech_prob": 0.04454302787780762}], "language": "en"}