{"text": " 45 there are 45 tigers in zoo 45 and you repeat the first part of the 45 there are 45 tigers in zoo 45 and you repeat the first part of the posture. I'm not sure. 6. 37. Yeah, I'm not sure. 12. 32. No thing.", "segments": [{"id": 0, "seek": 0, "start": 0.0, "end": 6.640000000000001, "text": " 45 there are 45 tigers in zoo 45 and you repeat the first part of the", "tokens": [6905, 456, 366, 6905, 47949, 294, 25347, 6905, 293, 291, 7149, 264, 700, 644, 295, 264], "temperature": 0.0, "avg_logprob": -0.40235700607299807, "compression_ratio": 1.0454545454545454, "no_speech_prob": 0.1680712252855301}, {"id": 1, "seek": 664, "start": 6.64, "end": 13.64, "text": " posture. I'm not sure. 6. 37. Yeah, I'm not sure. 12. 32. No thing.", "tokens": [18502, 13, 286, 478, 406, 988, 13, 1386, 13, 13435, 13, 865, 11, 286, 478, 406, 988, 13, 2272, 13, 8858, 13, 883, 551, 13], "temperature": 0.0, "avg_logprob": -0.6213112558637347, "compression_ratio": 1.1964285714285714, "no_speech_prob": 0.48224833607673645}], "language": "en"}