{"text": " 6 euro, 6 euro I don't know, yes, minus 6 euro, 2, nothing.", "segments": [{"id": 0, "seek": 0, "start": 0.0, "end": 4.88, "text": " 6 euro, 6 euro I don't know, yes, minus 6 euro, 2, nothing.", "tokens": [1386, 14206, 11, 1386, 14206, 286, 500, 380, 458, 11, 2086, 11, 3175, 1386, 14206, 11, 568, 11, 1825, 13], "temperature": 0.0, "avg_logprob": -0.5394066520359205, "compression_ratio": 1.0172413793103448, "no_speech_prob": 0.2377280741930008}], "language": "en"}