{"text": " 8 euro 2? Yeah, 2 now. 8 euro 2? Yeah, 2 now.", "segments": [{"id": 0, "seek": 0, "start": 0.0, "end": 1.0, "text": " 8 euro 2?", "tokens": [1649, 14206, 568, 30], "temperature": 0.0, "avg_logprob": -0.9125806944710868, "compression_ratio": 0.7333333333333333, "no_speech_prob": 0.21992187201976776}, {"id": 0, "seek": 0, "start": 1.0, "end": 2.0, "text": " Yeah, 2 now.", "tokens": [865, 11, 568, 586, 13], "temperature": 0.0, "avg_logprob": -0.9125806944710868, "compression_ratio": 0.7333333333333333, "no_speech_prob": 0.21992187201976776}], "language": "en"}