{"text": " 15, 15, 13, yeah 15, 15, 14, 13, now.", "segments": [{"id": 0, "seek": 0, "start": 0.0, "end": 3.6, "text": " 15, 15, 13, yeah 15, 15, 14, 13, now.", "tokens": [2119, 11, 2119, 11, 3705, 11, 1338, 2119, 11, 2119, 11, 3499, 11, 3705, 11, 586, 13], "temperature": 0.0, "avg_logprob": -0.6549453735351562, "compression_ratio": 1.1935483870967742, "no_speech_prob": 0.335538387298584}], "language": "en"}