{"text": " Quarter pass, 45 minutes. Yes please. 6, 15, 30 minutes. Now. Quarter pass, 45 minutes. Yes please. 6, 15, 30 minutes. Now.", "segments": [{"id": 0, "seek": 0, "start": 0.0, "end": 2.0, "text": " Quarter pass, 45 minutes.", "tokens": [43794, 1320, 11, 6905, 2077, 13], "temperature": 0.0, "avg_logprob": -0.6266435693811487, "compression_ratio": 1.0, "no_speech_prob": 0.25328144431114197}, {"id": 0, "seek": 0, "start": 2.0, "end": 2.88, "text": " Yes please.", "tokens": [1079, 1767, 13], "temperature": 0.0, "avg_logprob": -0.6266435693811487, "compression_ratio": 1.0, "no_speech_prob": 0.25328144431114197}, {"id": 0, "seek": 0, "start": 2.88, "end": 4.36, "text": " 6, 15, 30 minutes.", "tokens": [1386, 11, 2119, 11, 2217, 2077, 13], "temperature": 0.0, "avg_logprob": -0.6266435693811487, "compression_ratio": 1.0, "no_speech_prob": 0.25328144431114197}, {"id": 0, "seek": 0, "start": 4.36, "end": 5.2, "text": " Now.", "tokens": [823, 13], "temperature": 0.0, "avg_logprob": -0.6266435693811487, "compression_ratio": 1.0, "no_speech_prob": 0.25328144431114197}], "language": "en"}