{"text": " yes can you repeat the question next 8 euro 2 no thank you", "segments": [{"id": 0, "seek": 0, "start": 0.0, "end": 4.2, "text": " yes can you repeat the question next 8 euro 2 no thank you", "tokens": [2086, 393, 291, 7149, 264, 1168, 958, 1649, 14206, 568, 572, 1309, 291], "temperature": 0.0, "avg_logprob": -0.7463645935058594, "compression_ratio": 0.9354838709677419, "no_speech_prob": 0.05472290515899658}], "language": "hi"}