{"text": " and you repeat the question for tea, 20 no time.", "segments": [{"id": 0, "seek": 0, "start": 0.0, "end": 3.4, "text": " and you repeat the question for tea, 20 no time.", "tokens": [293, 291, 7149, 264, 1168, 337, 5817, 11, 945, 572, 565, 13], "temperature": 0.0, "avg_logprob": -0.9910218556722005, "compression_ratio": 0.8571428571428571, "no_speech_prob": 0.05105994641780853}], "language": "hi"}