{"text": " 45, 48, 3, ok 45, 48, there were no birds, you have not mentioned birds earlier. No, thanks. 45, 48, 3, ok 45, 48, there were no birds, you have not mentioned birds earlier. No, thanks.", "segments": [{"id": 0, "seek": 0, "start": 0.0, "end": 9.0, "text": " 45, 48, 3, ok 45, 48, there were no birds, you have not mentioned birds earlier.", "tokens": [6905, 11, 11174, 11, 805, 11, 3133, 6905, 11, 11174, 11, 456, 645, 572, 9009, 11, 291, 362, 406, 2835, 9009, 3071, 13], "temperature": 0.0, "avg_logprob": -0.5930629372596741, "compression_ratio": 1.0952380952380953, "no_speech_prob": 0.1806919276714325}, {"id": 0, "seek": 0, "start": 9.0, "end": 10.0, "text": " No, thanks.", "tokens": [883, 11, 3231, 13], "temperature": 0.0, "avg_logprob": -0.5930629372596741, "compression_ratio": 1.0952380952380953, "no_speech_prob": 0.1806919276714325}], "language": "en"}