{"text": " 15-15-15-15 only the second question 5 minutes 0-15-15 no 15-15-15-15 only the second question 5 minutes 0-15-15 no", "segments": [{"id": 0, "seek": 0, "start": 0.0, "end": 4.0, "text": " 15-15-15-15 only the second question 5 minutes", "tokens": [2119, 12, 5211, 12, 5211, 12, 5211, 787, 264, 1150, 1168, 1025, 2077], "temperature": 0.4, "avg_logprob": -0.7824049790700277, "compression_ratio": 1.0555555555555556, "no_speech_prob": 0.21526966989040375}, {"id": 0, "seek": 0, "start": 4.0, "end": 6.0, "text": " 0-15-15 no", "tokens": [1958, 12, 5211, 12, 5211, 572], "temperature": 0.4, "avg_logprob": -0.7824049790700277, "compression_ratio": 1.0555555555555556, "no_speech_prob": 0.21526966989040375}], "language": "hi"}