{"text": " The feature is that I don't know how to express it, no?", "segments": [{"id": 0, "seek": 0, "start": 0.0, "end": 2.0, "text": " The feature is that I don't know how to express it, no?", "tokens": [440, 4111, 307, 300, 286, 500, 380, 458, 577, 281, 5109, 309, 11, 572, 30], "temperature": 0.0, "avg_logprob": -0.9471471574571397, "compression_ratio": 0.9016393442622951, "no_speech_prob": 0.18024234473705292}], "language": "en"}