{"text": " 16, 16 Saturday, and we changed the order The Peter Pasha, yes, I did, or 16 next but no, yes, yes, yes, no 15 16, 16 Saturday, and we changed the order The Peter Pasha, yes, I did, or 16 next but no, yes, yes, yes, no 15", "segments": [{"id": 0, "seek": 0, "start": 0.0, "end": 2.0, "text": " 16, 16", "tokens": [3165, 11, 3165], "temperature": 0.4, "avg_logprob": -0.8755090403002362, "compression_ratio": 1.1702127659574468, "no_speech_prob": 0.5469968914985657}, {"id": 0, "seek": 0, "start": 2.0, "end": 4.0, "text": " Saturday, and we changed the order", "tokens": [8803, 11, 293, 321, 3105, 264, 1668], "temperature": 0.4, "avg_logprob": -0.8755090403002362, "compression_ratio": 1.1702127659574468, "no_speech_prob": 0.5469968914985657}, {"id": 0, "seek": 0, "start": 4.0, "end": 8.0, "text": " The Peter Pasha, yes, I did, or 16 next", "tokens": [440, 6508, 430, 12137, 11, 2086, 11, 286, 630, 11, 420, 3165, 958], "temperature": 0.4, "avg_logprob": -0.8755090403002362, "compression_ratio": 1.1702127659574468, "no_speech_prob": 0.5469968914985657}, {"id": 0, "seek": 0, "start": 8.0, "end": 12.0, "text": " but no, yes, yes, yes, no 15", "tokens": [457, 572, 11, 2086, 11, 2086, 11, 2086, 11, 572, 2119], "temperature": 0.4, "avg_logprob": -0.8755090403002362, "compression_ratio": 1.1702127659574468, "no_speech_prob": 0.5469968914985657}], "language": "en"}