{"text": " Thanks. Thank you. Yeah, thank you. Who makes? Two. Thanks. Thank you. Yeah, thank you. Who makes? Two.", "segments": [{"id": 0, "seek": 0, "start": 0.0, "end": 2.0, "text": " Thanks. Thank you.", "tokens": [2561, 13, 1044, 291, 13], "temperature": 0.0, "avg_logprob": -0.7436962922414144, "compression_ratio": 1.0625, "no_speech_prob": 0.38732269406318665}, {"id": 0, "seek": 0, "start": 2.0, "end": 4.0, "text": " Yeah, thank you.", "tokens": [865, 11, 1309, 291, 13], "temperature": 0.0, "avg_logprob": -0.7436962922414144, "compression_ratio": 1.0625, "no_speech_prob": 0.38732269406318665}, {"id": 0, "seek": 0, "start": 4.0, "end": 5.0, "text": " Who makes?", "tokens": [2102, 1669, 30], "temperature": 0.0, "avg_logprob": -0.7436962922414144, "compression_ratio": 1.0625, "no_speech_prob": 0.38732269406318665}, {"id": 0, "seek": 0, "start": 5.0, "end": 6.0, "text": " Two.", "tokens": [4453, 13], "temperature": 0.0, "avg_logprob": -0.7436962922414144, "compression_ratio": 1.0625, "no_speech_prob": 0.38732269406318665}], "language": "en"}