{"text": " Peter fashion and we dance i Peter fashion and we dance i", "segments": [{"id": 0, "seek": 0, "start": 0.0, "end": 4.0200000000000005, "text": " Peter fashion", "tokens": [6508, 6700], "temperature": 1.0, "avg_logprob": -4.617611224834736, "compression_ratio": 0.7777777777777778, "no_speech_prob": 0.29226043820381165}, {"id": 0, "seek": 0, "start": 5.68, "end": 7.04, "text": " and we dance", "tokens": [293, 321, 4489], "temperature": 1.0, "avg_logprob": -4.617611224834736, "compression_ratio": 0.7777777777777778, "no_speech_prob": 0.29226043820381165}, {"id": 0, "seek": 0, "start": 9.0, "end": 9.52, "text": " i", "tokens": [741], "temperature": 1.0, "avg_logprob": -4.617611224834736, "compression_ratio": 0.7777777777777778, "no_speech_prob": 0.29226043820381165}], "language": "en"}