{"text": " 545, don't know. Yes, can you repeat 615? 10 minutes. Oh, big slower. Yes, okay. 30 minutes. Can you repeat again? I don't know. He just start from the beginning. 545, don't know. Yes, can you repeat 615? 10 minutes. Oh, big slower. Yes, okay. 30 minutes. Can you repeat again? I don't know. He just start from the beginning.", "segments": [{"id": 0, "seek": 0, "start": 0.0, "end": 10.96, "text": " 545, don't know. Yes, can you repeat 615? 10 minutes. Oh, big slower. Yes, okay. 30 minutes.", "tokens": [1025, 8465, 11, 500, 380, 458, 13, 1079, 11, 393, 291, 7149, 1386, 5211, 30, 1266, 2077, 13, 876, 11, 955, 14009, 13, 1079, 11, 1392, 13, 2217, 2077, 13], "temperature": 0.0, "avg_logprob": -0.47907447814941406, "compression_ratio": 1.3388429752066116, "no_speech_prob": 0.1696445196866989}, {"id": 0, "seek": 0, "start": 10.96, "end": 13.6, "text": " Can you repeat again? I don't know. He just start from the beginning.", "tokens": [1664, 291, 7149, 797, 30, 286, 500, 380, 458, 13, 634, 445, 722, 490, 264, 2863, 13], "temperature": 0.0, "avg_logprob": -0.47907447814941406, "compression_ratio": 1.3388429752066116, "no_speech_prob": 0.1696445196866989}], "language": "en"}