{"text": " and you repeat, I repeat, the question 15 am I correct? No, okay, yes. We'll try again then. No, it's okay. and you repeat, I repeat, the question 15 am I correct? No, okay, yes. We'll try again then. No, it's okay.", "segments": [{"id": 0, "seek": 0, "start": 0.0, "end": 3.24, "text": " and you repeat, I repeat, the question 15 am I correct?", "tokens": [293, 291, 7149, 11, 286, 7149, 11, 264, 1168, 2119, 669, 286, 3006, 30], "temperature": 0.0, "avg_logprob": -0.6331563810022866, "compression_ratio": 1.1382978723404256, "no_speech_prob": 0.10000814497470856}, {"id": 0, "seek": 0, "start": 3.24, "end": 4.8, "text": " No, okay, yes.", "tokens": [883, 11, 1392, 11, 2086, 13], "temperature": 0.0, "avg_logprob": -0.6331563810022866, "compression_ratio": 1.1382978723404256, "no_speech_prob": 0.10000814497470856}, {"id": 0, "seek": 0, "start": 5.8, "end": 6.88, "text": " We'll try again then.", "tokens": [492, 603, 853, 797, 550, 13], "temperature": 0.0, "avg_logprob": -0.6331563810022866, "compression_ratio": 1.1382978723404256, "no_speech_prob": 0.10000814497470856}, {"id": 0, "seek": 0, "start": 6.88, "end": 8.040000000000001, "text": " No, it's okay.", "tokens": [883, 11, 309, 311, 1392, 13], "temperature": 0.0, "avg_logprob": -0.6331563810022866, "compression_ratio": 1.1382978723404256, "no_speech_prob": 0.10000814497470856}], "language": "en"}