{"text": " You didn't tell me how many bars in the zoo, but I don't know. Three tigers and three cops. I don't know. Try again, try again. Yes, I don't know. Three, forty-five. You didn't tell me how many bars in the zoo, but I don't know. Three tigers and three cops. I don't know. Try again, try again. Yes, I don't know. Three, forty-five.", "segments": [{"id": 0, "seek": 0, "start": 0.0, "end": 2.6, "text": " You didn't tell me how many bars in the zoo, but I don't know.", "tokens": [509, 994, 380, 980, 385, 577, 867, 10228, 294, 264, 25347, 11, 457, 286, 500, 380, 458, 13], "temperature": 0.0, "avg_logprob": -0.41412259821306197, "compression_ratio": 1.4224137931034482, "no_speech_prob": 0.060356877744197845}, {"id": 0, "seek": 0, "start": 2.6, "end": 4.32, "text": " Three tigers and three cops. I don't know.", "tokens": [6244, 47949, 293, 1045, 19012, 13, 286, 500, 380, 458, 13], "temperature": 0.0, "avg_logprob": -0.41412259821306197, "compression_ratio": 1.4224137931034482, "no_speech_prob": 0.060356877744197845}, {"id": 0, "seek": 0, "start": 4.32, "end": 6.48, "text": " Try again, try again. Yes, I don't know.", "tokens": [6526, 797, 11, 853, 797, 13, 1079, 11, 286, 500, 380, 458, 13], "temperature": 0.0, "avg_logprob": -0.41412259821306197, "compression_ratio": 1.4224137931034482, "no_speech_prob": 0.060356877744197845}, {"id": 0, "seek": 0, "start": 6.48, "end": 7.48, "text": " Three, forty-five.", "tokens": [6244, 11, 15815, 12, 18621, 13], "temperature": 0.0, "avg_logprob": -0.41412259821306197, "compression_ratio": 1.4224137931034482, "no_speech_prob": 0.060356877744197845}], "language": "en"}