{"text": " and you're all Michael Barton or me, she'll go two cups of yogurt. Okay, Michael Barton or, cups of me, she'll go two cups of yogurt. and you're all Michael Barton or me, she'll go two cups of yogurt. Okay, Michael Barton or, cups of me, she'll go two cups of yogurt.", "segments": [{"id": 0, "seek": 0, "start": 0.0, "end": 3.84, "text": " and you're all Michael Barton or me, she'll go two cups of yogurt.", "tokens": [293, 291, 434, 439, 5116, 22338, 266, 420, 385, 11, 750, 603, 352, 732, 13381, 295, 20997, 13], "temperature": 0.0, "avg_logprob": -0.7541950399225409, "compression_ratio": 1.5647058823529412, "no_speech_prob": 0.21804913878440857}, {"id": 0, "seek": 0, "start": 3.84, "end": 5.5600000000000005, "text": " Okay, Michael Barton or,", "tokens": [1033, 11, 5116, 22338, 266, 420, 11], "temperature": 0.0, "avg_logprob": -0.7541950399225409, "compression_ratio": 1.5647058823529412, "no_speech_prob": 0.21804913878440857}, {"id": 0, "seek": 0, "start": 5.5600000000000005, "end": 7.84, "text": " cups of me, she'll go two cups of yogurt.", "tokens": [13381, 295, 385, 11, 750, 603, 352, 732, 13381, 295, 20997, 13], "temperature": 0.0, "avg_logprob": -0.7541950399225409, "compression_ratio": 1.5647058823529412, "no_speech_prob": 0.21804913878440857}], "language": "en"}