{"text": " Can you repeat it please? 45. Repeat it please? Yes please. One more time 45. 48 minus 2. No.", "segments": [{"id": 0, "seek": 0, "start": 0.0, "end": 8.0, "text": " Can you repeat it please? 45. Repeat it please? Yes please. One more time 45. 48 minus 2. No.", "tokens": [1664, 291, 7149, 309, 1767, 30, 6905, 13, 28523, 309, 1767, 30, 1079, 1767, 13, 1485, 544, 565, 6905, 13, 11174, 3175, 568, 13, 883, 13], "temperature": 0.0, "avg_logprob": -0.5809166349213699, "compression_ratio": 1.2077922077922079, "no_speech_prob": 0.10481829196214676}], "language": "en"}