{"text": " can you repeat it please? 30 repeat the question please. 10 yes yes 20 yes one more time 40. can you repeat it please? 30 repeat the question please. 10 yes yes 20 yes one more time 40.", "segments": [{"id": 0, "seek": 0, "start": 0.0, "end": 2.0, "text": " can you repeat it please?", "tokens": [393, 291, 7149, 309, 1767, 30], "temperature": 0.0, "avg_logprob": -0.587295861079775, "compression_ratio": 1.1794871794871795, "no_speech_prob": 0.0863766074180603}, {"id": 0, "seek": 0, "start": 2.0, "end": 4.0, "text": " 30 repeat the question please.", "tokens": [2217, 7149, 264, 1168, 1767, 13], "temperature": 0.0, "avg_logprob": -0.587295861079775, "compression_ratio": 1.1794871794871795, "no_speech_prob": 0.0863766074180603}, {"id": 0, "seek": 0, "start": 4.0, "end": 7.0, "text": " 10 yes yes 20 yes one more time 40.", "tokens": [1266, 2086, 2086, 945, 2086, 472, 544, 565, 3356, 13], "temperature": 0.0, "avg_logprob": -0.587295861079775, "compression_ratio": 1.1794871794871795, "no_speech_prob": 0.0863766074180603}], "language": "en"}