{"text": " 2 0 yes, question none yes one more time minus 6 and 0 no.", "segments": [{"id": 0, "seek": 0, "start": 0.0, "end": 6.48, "text": " 2 0 yes, question none yes one more time minus 6 and 0 no.", "tokens": [568, 1958, 2086, 11, 1168, 6022, 2086, 472, 544, 565, 3175, 1386, 293, 1958, 572, 13], "temperature": 0.0, "avg_logprob": -0.6944412934152704, "compression_ratio": 0.9830508474576272, "no_speech_prob": 0.10993242263793945}], "language": "en"}