{"text": " 15, 10 repeatedly. Yes, 15 minutes. Yeah, I can give one more attempt. 15, 15 minutes. No. 15, 10 repeatedly. Yes, 15 minutes. Yeah, I can give one more attempt. 15, 15 minutes. No.", "segments": [{"id": 0, "seek": 0, "start": 0.0, "end": 3.52, "text": " 15, 10 repeatedly. Yes, 15 minutes. Yeah, I can give one more attempt.", "tokens": [2119, 11, 1266, 18227, 13, 1079, 11, 2119, 2077, 13, 865, 11, 286, 393, 976, 472, 544, 5217, 13], "temperature": 0.0, "avg_logprob": -0.6794424979917465, "compression_ratio": 1.0975609756097562, "no_speech_prob": 0.20358362793922424}, {"id": 0, "seek": 0, "start": 3.52, "end": 7.0, "text": " 15, 15 minutes. No.", "tokens": [2119, 11, 2119, 2077, 13, 883, 13], "temperature": 0.0, "avg_logprob": -0.6794424979917465, "compression_ratio": 1.0975609756097562, "no_speech_prob": 0.20358362793922424}], "language": "en"}