{"text": " Just to you, one you, pick it up. Just to you, one you, pick it up.", "segments": [{"id": 0, "seek": 0, "start": 0.0, "end": 2.0, "text": " Just to you, one you,", "tokens": [1449, 281, 291, 11, 472, 291, 11], "temperature": 0.0, "avg_logprob": -0.850711464881897, "compression_ratio": 0.9166666666666666, "no_speech_prob": 0.1887788325548172}, {"id": 0, "seek": 0, "start": 2.0, "end": 3.0, "text": " pick it up.", "tokens": [1888, 309, 493, 13], "temperature": 0.0, "avg_logprob": -0.850711464881897, "compression_ratio": 0.9166666666666666, "no_speech_prob": 0.1887788325548172}], "language": "en"}