{"text": " 5 minutes, let's move to 45 minutes, 30 minutes. No, I've given up. 5 minutes, let's move to 45 minutes, 30 minutes. No, I've given up.", "segments": [{"id": 0, "seek": 0, "start": 0.0, "end": 4.4, "text": " 5 minutes, let's move to 45 minutes, 30 minutes.", "tokens": [1025, 2077, 11, 718, 311, 1286, 281, 6905, 2077, 11, 2217, 2077, 13], "temperature": 0.0, "avg_logprob": -0.7118677520751953, "compression_ratio": 1.1355932203389831, "no_speech_prob": 0.4070339500904083}, {"id": 0, "seek": 0, "start": 4.4, "end": 6.2, "text": " No, I've given up.", "tokens": [883, 11, 286, 600, 2212, 493, 13], "temperature": 0.0, "avg_logprob": -0.7118677520751953, "compression_ratio": 1.1355932203389831, "no_speech_prob": 0.4070339500904083}], "language": "en"}