{"text": " 15, 10, 5 Okay repeat the question What's it? I've given up, I'm training you 15, 10, 5 Okay repeat the question What's it? I've given up, I'm training you", "segments": [{"id": 0, "seek": 0, "start": 0.0, "end": 4.0, "text": " 15, 10, 5", "tokens": [2119, 11, 1266, 11, 1025], "temperature": 0.0, "avg_logprob": -0.754784814242659, "compression_ratio": 0.9625, "no_speech_prob": 0.2284320592880249}, {"id": 0, "seek": 0, "start": 8.0, "end": 11.0, "text": " Okay repeat the question", "tokens": [1033, 7149, 264, 1168], "temperature": 0.0, "avg_logprob": -0.754784814242659, "compression_ratio": 0.9625, "no_speech_prob": 0.2284320592880249}, {"id": 0, "seek": 0, "start": 11.0, "end": 14.0, "text": " What's it? I've given up, I'm training you", "tokens": [708, 311, 309, 30, 286, 600, 2212, 493, 11, 286, 478, 3097, 291], "temperature": 0.0, "avg_logprob": -0.754784814242659, "compression_ratio": 0.9625, "no_speech_prob": 0.2284320592880249}], "language": "en"}