{"text": " Can you repeat that question one more time please? I don't know. I don't know. Now I don't want to answer the question. Can you repeat that question one more time please? I don't know. I don't know. Now I don't want to answer the question.", "segments": [{"id": 0, "seek": 0, "start": 0.0, "end": 2.44, "text": " Can you repeat that question one more time please?", "tokens": [1664, 291, 7149, 300, 1168, 472, 544, 565, 1767, 30], "temperature": 0.0, "avg_logprob": -0.3358537233792819, "compression_ratio": 1.2934782608695652, "no_speech_prob": 0.023846717551350594}, {"id": 0, "seek": 0, "start": 2.44, "end": 3.8000000000000003, "text": " I don't know.", "tokens": [286, 500, 380, 458, 13], "temperature": 0.0, "avg_logprob": -0.3358537233792819, "compression_ratio": 1.2934782608695652, "no_speech_prob": 0.023846717551350594}, {"id": 0, "seek": 0, "start": 3.8000000000000003, "end": 5.24, "text": " I don't know.", "tokens": [286, 500, 380, 458, 13], "temperature": 0.0, "avg_logprob": -0.3358537233792819, "compression_ratio": 1.2934782608695652, "no_speech_prob": 0.023846717551350594}, {"id": 0, "seek": 0, "start": 5.24, "end": 7.44, "text": " Now I don't want to answer the question.", "tokens": [823, 286, 500, 380, 528, 281, 1867, 264, 1168, 13], "temperature": 0.0, "avg_logprob": -0.3358537233792819, "compression_ratio": 1.2934782608695652, "no_speech_prob": 0.023846717551350594}], "language": "en"}