{"text": " 6.4.6.2. Yeah, yeah, 8 euro coupes. No. 6.4.6.2. Yeah, yeah, 8 euro coupes. No.", "segments": [{"id": 0, "seek": 0, "start": 0.0, "end": 2.0, "text": " 6.4.6.2.", "tokens": [1386, 13, 19, 13, 21, 13, 17, 13], "temperature": 0.0, "avg_logprob": -0.9222854467538687, "compression_ratio": 0.9069767441860465, "no_speech_prob": 0.17652055621147156}, {"id": 0, "seek": 0, "start": 2.0, "end": 5.0, "text": " Yeah, yeah, 8 euro coupes.", "tokens": [865, 11, 1338, 11, 1649, 14206, 8682, 279, 13], "temperature": 0.0, "avg_logprob": -0.9222854467538687, "compression_ratio": 0.9069767441860465, "no_speech_prob": 0.17652055621147156}, {"id": 0, "seek": 0, "start": 5.0, "end": 7.0, "text": " No.", "tokens": [883, 13], "temperature": 0.0, "avg_logprob": -0.9222854467538687, "compression_ratio": 0.9069767441860465, "no_speech_prob": 0.17652055621147156}], "language": "en"}