{"text": " 55, 58, 43, yeah, 43, 47, yeah, no.", "segments": [{"id": 0, "seek": 0, "start": 0.0, "end": 10.0, "text": " 55, 58, 43, yeah, 43, 47, yeah, no.", "tokens": [12330, 11, 21786, 11, 17914, 11, 1338, 11, 17914, 11, 16953, 11, 1338, 11, 572, 13], "temperature": 0.0, "avg_logprob": -0.6067064686825401, "compression_ratio": 1.09375, "no_speech_prob": 0.35904461145401}], "language": "en"}