{"text": " Water passed 45 minutes 45 minutes repeat the second question. Yes", "segments": [{"id": 0, "seek": 0, "start": 0.0, "end": 4.12, "text": " Water passed 45 minutes 45 minutes repeat the second question. Yes", "tokens": [8772, 4678, 6905, 2077, 6905, 2077, 7149, 264, 1150, 1168, 13, 1079], "temperature": 0.0, "avg_logprob": -0.5393452962239583, "compression_ratio": 1.0476190476190477, "no_speech_prob": 0.1727815419435501}], "language": "en"}