{"text": " 45, 45, you're gonna repeat the question? 53, 53, the last, 23, now. 45, 45, you're gonna repeat the question? 53, 53, the last, 23, now.", "segments": [{"id": 0, "seek": 0, "start": 0.0, "end": 3.7600000000000002, "text": " 45, 45, you're gonna repeat the question?", "tokens": [6905, 11, 6905, 11, 291, 434, 799, 7149, 264, 1168, 30], "temperature": 0.0, "avg_logprob": -0.9603774459273727, "compression_ratio": 1.0149253731343284, "no_speech_prob": 0.44225800037384033}, {"id": 0, "seek": 0, "start": 3.7600000000000002, "end": 7.36, "text": " 53, 53, the last, 23, now.", "tokens": [21860, 11, 21860, 11, 264, 1036, 11, 6673, 11, 586, 13], "temperature": 0.0, "avg_logprob": -0.9603774459273727, "compression_ratio": 1.0149253731343284, "no_speech_prob": 0.44225800037384033}], "language": "en"}