{"text": " You bet. Uh, 40. You're afraid the question. I still think there's 40. No, thank you. No, thank you. You bet. Uh, 40. You're afraid the question. I still think there's 40. No, thank you. No, thank you.", "segments": [{"id": 0, "seek": 0, "start": 0.0, "end": 4.4, "text": " You bet. Uh, 40. You're afraid the question. I still think there's 40.", "tokens": [509, 778, 13, 4019, 11, 3356, 13, 509, 434, 4638, 264, 1168, 13, 286, 920, 519, 456, 311, 3356, 13], "temperature": 0.0, "avg_logprob": -0.5291434696742466, "compression_ratio": 1.1904761904761905, "no_speech_prob": 0.07194478064775467}, {"id": 0, "seek": 0, "start": 6.640000000000001, "end": 8.64, "text": " No, thank you. No, thank you.", "tokens": [883, 11, 1309, 291, 13, 883, 11, 1309, 291, 13], "temperature": 0.0, "avg_logprob": -0.5291434696742466, "compression_ratio": 1.1904761904761905, "no_speech_prob": 0.07194478064775467}], "language": "en"}